docente_n,docente,dia,hora,bloque,sesion,inicio,fin,tipo,grupo,area,enfasis_ref,grupos_enfasis,equipo_enfasis,alternancia,celda_original
23,Landázuri Quiñones María Elia,LUNES,1,1,1,06:30,07:15,AREAS_MULTIPLES,0101,ÁREAS MÚLTIPLES,,,,Maestro de aula: todas las áreas con su grupo,
45,Sinisterra Ana Lucía,LUNES,1,1,1,06:30,07:15,AREAS_MULTIPLES,0102,ÁREAS MÚLTIPLES,,,,Maestro de aula: todas las áreas con su grupo,
13,Cortés Salazar María Ebelice,LUNES,1,1,1,06:30,07:15,AREAS_MULTIPLES,0201,ÁREAS MÚLTIPLES,,,,Maestro de aula: todas las áreas con su grupo,
21,Garzón Quiñones Sixta Janina,LUNES,1,1,1,06:30,07:15,AREAS_MULTIPLES,0202,ÁREAS MÚLTIPLES,,,,Maestro de aula: todas las áreas con su grupo,
46,Tenorio Cuero Lucy Bivian,LUNES,1,1,1,06:30,07:15,AREAS_MULTIPLES,0203,ÁREAS MÚLTIPLES,,,,Maestro de aula: todas las áreas con su grupo,
48,Torres Segura Encarnación,LUNES,1,1,1,06:30,07:15,AREAS_MULTIPLES,0301,ÁREAS MÚLTIPLES,,,,Maestro de aula: todas las áreas con su grupo,
24,Landázuri Gallón Teresa,LUNES,1,1,1,06:30,07:15,AREAS_MULTIPLES,0302,ÁREAS MÚLTIPLES,,,,Maestro de aula: todas las áreas con su grupo,
55,Zamora Ordóñez Celia Pastora,LUNES,1,1,1,06:30,07:15,AREAS_MULTIPLES,0401,ÁREAS MÚLTIPLES,,,,Maestro de aula: todas las áreas con su grupo,
33,Núñez Perlaza Elcy,LUNES,1,1,1,06:30,07:15,AREAS_MULTIPLES,0402,ÁREAS MÚLTIPLES,,,,Maestro de aula: todas las áreas con su grupo,
14,Cuéllar Gallo Nemesia,LUNES,1,1,1,06:30,07:15,AREAS_MULTIPLES,0501,ÁREAS MÚLTIPLES,,,,Maestro de aula: todas las áreas con su grupo,
11,Centeno Zúñiga Claudia Patricia,LUNES,1,1,1,06:30,07:15,AREAS_MULTIPLES,0502,ÁREAS MÚLTIPLES,,,,Maestro de aula: todas las áreas con su grupo,
32,Narváez Sánchez Dora Alejandra,LUNES,1,1,1,06:30,07:15,AREAS_MULTIPLES,0503,ÁREAS MÚLTIPLES,,,,Maestro de aula: todas las áreas con su grupo,
17,Escobar Cortés Liliana,LUNES,1,1,1,06:30,07:15,AREAS_MULTIPLES,0504,ÁREAS MÚLTIPLES,,,,Maestro de aula: todas las áreas con su grupo,
37,Prado Quiñones Genís Maribel,LUNES,1,1,1,06:30,07:15,CLASE,0601,ART,,,,,0601-ART
26,Lozano Torres Amanda Inés,LUNES,1,1,1,06:30,07:15,CLASE,0602,ETR,,,,Ética / Religión (alternan cada semana),0602-ETR
39,Puches Ana Milena,LUNES,1,1,1,06:30,07:15,CLASE,0704,ART,,,,,0704-ART
35,Ortiz Araujo Adiela Carlota,LUNES,1,1,1,06:30,07:15,CLASE,0801,CSI,,,,Sociales / Inglés (alternan cada semana),0801-CSI
15,Cuero Bamba Berte Levi,LUNES,1,1,1,06:30,07:15,CLASE,0802,ERD,,,,,0802-ERD
6,Betancourth Ocampo Yohana Patricia,LUNES,1,1,1,06:30,07:15,CLASE,0901,CSI,,,,Sociales / Inglés (alternan cada semana),0901-CSI
49,Valencia Marínez Saidy Eufemia,LUNES,1,1,1,06:30,07:15,CLASE,0902,ART,,,,,0902-ART
31,Montaño Arizala Leidis Claudina,LUNES,1,1,1,06:30,07:15,CLASE,1002,ETR,,,,Ética / Religión (alternan cada semana),1002-ETR
2,Angulo Lucero Andrés Mauricio,LUNES,1,1,1,06:30,07:15,CLASE,1101,TEI,,,,,1101-TEI
40,Pulgarín Ortiz César Marino,LUNES,1,1,1,06:30,07:15,CLASE,1102,CSI,,,,Sociales / Inglés (alternan cada semana),1102-CSI
16,Cuero Rincón Hernando Jesús,LUNES,1,1,1,06:30,07:15,CLASE,CS101,CAS,,,,,CS101-CAS
42,Quiñones Cabezas Marcos Vidal,LUNES,1,1,1,06:30,07:15,CLASE,CS102,TEI,,,,,CS102-TEI
19,Fernández Vélez Alfredo Enrique,LUNES,1,1,1,06:30,07:15,CLASE,CS201,TEI,,,,,CS201-TEI
12,Chillambo Quiñones María Rocío,LUNES,1,1,1,06:30,07:15,CLASE,CS202,CNA,,,,,CS202-CNA
56,Ortiz Estacio Martha Cecilia,LUNES,1,1,1,06:30,07:15,TUTORIA,PTAFI,TUTORÍA PTAFI,,,,Jornada 06:30 a 12:00,
44,Samaniego Angulo Flor Mireya,LUNES,1,1,1,06:30,07:15,ENFASIS,,ART,0701,0701,Valverde Montaño María Teresa (CAS),PAREJA: comparten el énfasis y alternan por semana,ENFASIS-0701
51,Valverde Montaño María Teresa,LUNES,1,1,1,06:30,07:15,ENFASIS,,CAS,0701,0701,Samaniego Angulo Flor Mireya (ART),PAREJA: comparten el énfasis y alternan por semana,ENFASIS-0701
34,Ordóñez Tenorio Jaime Marcial,LUNES,1,1,1,06:30,07:15,ENFASIS,,CNA,0702,0702,Armero Dájome Jesús (ERD),PAREJA: comparten el énfasis y alternan por semana,ENFASIS-0702
57,Armero Dájome Jesús,LUNES,1,1,1,06:30,07:15,ENFASIS,,ERD,0702,0702,Ordóñez Tenorio Jaime Marcial (CNA),PAREJA: comparten el énfasis y alternan por semana,ENFASIS-0702
8,Casanova Quiñones Yoli del Carmen,LUNES,1,1,1,06:30,07:15,ENFASIS,,ETR,0703,0703,Quintero Ramírez María del Carmen (CSI),PAREJA: comparten el énfasis y alternan por semana,ENFASIS-0703
41,Quintero Ramírez María del Carmen,LUNES,1,1,1,06:30,07:15,ENFASIS,,CSI,0703,0703,Casanova Quiñones Yoli del Carmen (ETR),PAREJA: comparten el énfasis y alternan por semana,ENFASIS-0703
3,Arboleda Ortiz Luz América,LUNES,1,1,1,06:30,07:15,ENFASIS,,ART,D5-10°,1001,Montaño Anchico Favio Héctor (CAS); Ramírez Guerra Jimmy Eduardo (ERD); Villota Rubio Héctor Hugo (CNA),EQUIPO DE 4: cada docente atiende un grupo de estudiantes en su área,ENFASIS-D5-10°
30,Montaño Anchico Favio Héctor,LUNES,1,1,1,06:30,07:15,ENFASIS,,CAS,D5-10°,1001,Arboleda Ortiz Luz América (ART); Ramírez Guerra Jimmy Eduardo (ERD); Villota Rubio Héctor Hugo (CNA),EQUIPO DE 4: cada docente atiende un grupo de estudiantes en su área,ENFASIS-D5-10°
43,Ramírez Guerra Jimmy Eduardo,LUNES,1,1,1,06:30,07:15,ENFASIS,,ERD,D5-10°,1001,Arboleda Ortiz Luz América (ART); Montaño Anchico Favio Héctor (CAS); Villota Rubio Héctor Hugo (CNA),EQUIPO DE 4: cada docente atiende un grupo de estudiantes en su área,ENFASIS-D5-10°
53,Villota Rubio Héctor Hugo,LUNES,1,1,1,06:30,07:15,ENFASIS,,CNA,D5-10°,1001,Arboleda Ortiz Luz América (ART); Montaño Anchico Favio Héctor (CAS); Ramírez Guerra Jimmy Eduardo (ERD),EQUIPO DE 4: cada docente atiende un grupo de estudiantes en su área,ENFASIS-D5-10°
50,Valencia Solís Gloria Alexa,LUNES,2,1,2,07:15,08:00,AREAS_MULTIPLES,0001,ÁREAS MÚLTIPLES,,,,Maestro de aula: todas las áreas con su grupo,
27,Martínez Álvarez Andrea Ascención,LUNES,2,1,2,07:15,08:00,AREAS_MULTIPLES,0002,ÁREAS MÚLTIPLES,,,,Maestro de aula: todas las áreas con su grupo,
23,Landázuri Quiñones María Elia,LUNES,2,1,2,07:15,08:00,AREAS_MULTIPLES,0101,ÁREAS MÚLTIPLES,,,,Maestro de aula: todas las áreas con su grupo,
45,Sinisterra Ana Lucía,LUNES,2,1,2,07:15,08:00,AREAS_MULTIPLES,0102,ÁREAS MÚLTIPLES,,,,Maestro de aula: todas las áreas con su grupo,
13,Cortés Salazar María Ebelice,LUNES,2,1,2,07:15,08:00,AREAS_MULTIPLES,0201,ÁREAS MÚLTIPLES,,,,Maestro de aula: todas las áreas con su grupo,
21,Garzón Quiñones Sixta Janina,LUNES,2,1,2,07:15,08:00,AREAS_MULTIPLES,0202,ÁREAS MÚLTIPLES,,,,Maestro de aula: todas las áreas con su grupo,
46,Tenorio Cuero Lucy Bivian,LUNES,2,1,2,07:15,08:00,AREAS_MULTIPLES,0203,ÁREAS MÚLTIPLES,,,,Maestro de aula: todas las áreas con su grupo,
48,Torres Segura Encarnación,LUNES,2,1,2,07:15,08:00,AREAS_MULTIPLES,0301,ÁREAS MÚLTIPLES,,,,Maestro de aula: todas las áreas con su grupo,
24,Landázuri Gallón Teresa,LUNES,2,1,2,07:15,08:00,AREAS_MULTIPLES,0302,ÁREAS MÚLTIPLES,,,,Maestro de aula: todas las áreas con su grupo,
55,Zamora Ordóñez Celia Pastora,LUNES,2,1,2,07:15,08:00,AREAS_MULTIPLES,0401,ÁREAS MÚLTIPLES,,,,Maestro de aula: todas las áreas con su grupo,
33,Núñez Perlaza Elcy,LUNES,2,1,2,07:15,08:00,AREAS_MULTIPLES,0402,ÁREAS MÚLTIPLES,,,,Maestro de aula: todas las áreas con su grupo,
14,Cuéllar Gallo Nemesia,LUNES,2,1,2,07:15,08:00,AREAS_MULTIPLES,0501,ÁREAS MÚLTIPLES,,,,Maestro de aula: todas las áreas con su grupo,
11,Centeno Zúñiga Claudia Patricia,LUNES,2,1,2,07:15,08:00,AREAS_MULTIPLES,0502,ÁREAS MÚLTIPLES,,,,Maestro de aula: todas las áreas con su grupo,
32,Narváez Sánchez Dora Alejandra,LUNES,2,1,2,07:15,08:00,AREAS_MULTIPLES,0503,ÁREAS MÚLTIPLES,,,,Maestro de aula: todas las áreas con su grupo,
17,Escobar Cortés Liliana,LUNES,2,1,2,07:15,08:00,AREAS_MULTIPLES,0504,ÁREAS MÚLTIPLES,,,,Maestro de aula: todas las áreas con su grupo,
37,Prado Quiñones Genís Maribel,LUNES,2,1,2,07:15,08:00,CLASE,0601,ART,,,,,0601-ART
26,Lozano Torres Amanda Inés,LUNES,2,1,2,07:15,08:00,CLASE,0602,ETR,,,,Ética / Religión (alternan cada semana),0602-ETR
39,Puches Ana Milena,LUNES,2,1,2,07:15,08:00,CLASE,0704,ART,,,,,0704-ART
35,Ortiz Araujo Adiela Carlota,LUNES,2,1,2,07:15,08:00,CLASE,0801,CSI,,,,Sociales / Inglés (alternan cada semana),0801-CSI
15,Cuero Bamba Berte Levi,LUNES,2,1,2,07:15,08:00,CLASE,0802,ERD,,,,,0802-ERD
6,Betancourth Ocampo Yohana Patricia,LUNES,2,1,2,07:15,08:00,CLASE,0901,CSI,,,,Sociales / Inglés (alternan cada semana),0901-CSI
49,Valencia Marínez Saidy Eufemia,LUNES,2,1,2,07:15,08:00,CLASE,0902,ART,,,,,0902-ART
31,Montaño Arizala Leidis Claudina,LUNES,2,1,2,07:15,08:00,CLASE,1002,ETR,,,,Ética / Religión (alternan cada semana),1002-ETR
2,Angulo Lucero Andrés Mauricio,LUNES,2,1,2,07:15,08:00,CLASE,1101,TEI,,,,,1101-TEI
40,Pulgarín Ortiz César Marino,LUNES,2,1,2,07:15,08:00,CLASE,1102,CSI,,,,Sociales / Inglés (alternan cada semana),1102-CSI
16,Cuero Rincón Hernando Jesús,LUNES,2,1,2,07:15,08:00,CLASE,CS101,CAS,,,,,CS101-CAS
42,Quiñones Cabezas Marcos Vidal,LUNES,2,1,2,07:15,08:00,CLASE,CS102,TEI,,,,,CS102-TEI
19,Fernández Vélez Alfredo Enrique,LUNES,2,1,2,07:15,08:00,CLASE,CS201,TEI,,,,,CS201-TEI
12,Chillambo Quiñones María Rocío,LUNES,2,1,2,07:15,08:00,CLASE,CS202,CNA,,,,,CS202-CNA
7,Casanova Casanova Johana Andrea,LUNES,2,1,2,07:15,08:00,ORIENTACION,ORIENT,ORIENTACIÓN ESCOLAR,,,,Jornada 07:30 a 14:30,
56,Ortiz Estacio Martha Cecilia,LUNES,2,1,2,07:15,08:00,TUTORIA,PTAFI,TUTORÍA PTAFI,,,,Jornada 06:30 a 12:00,
44,Samaniego Angulo Flor Mireya,LUNES,2,1,2,07:15,08:00,ENFASIS,,ART,0701,0701,Valverde Montaño María Teresa (CAS),PAREJA: comparten el énfasis y alternan por semana,ENFASIS-0701
51,Valverde Montaño María Teresa,LUNES,2,1,2,07:15,08:00,ENFASIS,,CAS,0701,0701,Samaniego Angulo Flor Mireya (ART),PAREJA: comparten el énfasis y alternan por semana,ENFASIS-0701
34,Ordóñez Tenorio Jaime Marcial,LUNES,2,1,2,07:15,08:00,ENFASIS,,CNA,0702,0702,Armero Dájome Jesús (ERD),PAREJA: comparten el énfasis y alternan por semana,ENFASIS-0702
57,Armero Dájome Jesús,LUNES,2,1,2,07:15,08:00,ENFASIS,,ERD,0702,0702,Ordóñez Tenorio Jaime Marcial (CNA),PAREJA: comparten el énfasis y alternan por semana,ENFASIS-0702
8,Casanova Quiñones Yoli del Carmen,LUNES,2,1,2,07:15,08:00,ENFASIS,,ETR,0703,0703,Quintero Ramírez María del Carmen (CSI),PAREJA: comparten el énfasis y alternan por semana,ENFASIS-0703
41,Quintero Ramírez María del Carmen,LUNES,2,1,2,07:15,08:00,ENFASIS,,CSI,0703,0703,Casanova Quiñones Yoli del Carmen (ETR),PAREJA: comparten el énfasis y alternan por semana,ENFASIS-0703
3,Arboleda Ortiz Luz América,LUNES,2,1,2,07:15,08:00,ENFASIS,,ART,D5-10°,1001,Montaño Anchico Favio Héctor (CAS); Ramírez Guerra Jimmy Eduardo (ERD); Villota Rubio Héctor Hugo (CNA),EQUIPO DE 4: cada docente atiende un grupo de estudiantes en su área,ENFASIS-D5-10°
30,Montaño Anchico Favio Héctor,LUNES,2,1,2,07:15,08:00,ENFASIS,,CAS,D5-10°,1001,Arboleda Ortiz Luz América (ART); Ramírez Guerra Jimmy Eduardo (ERD); Villota Rubio Héctor Hugo (CNA),EQUIPO DE 4: cada docente atiende un grupo de estudiantes en su área,ENFASIS-D5-10°
43,Ramírez Guerra Jimmy Eduardo,LUNES,2,1,2,07:15,08:00,ENFASIS,,ERD,D5-10°,1001,Arboleda Ortiz Luz América (ART); Montaño Anchico Favio Héctor (CAS); Villota Rubio Héctor Hugo (CNA),EQUIPO DE 4: cada docente atiende un grupo de estudiantes en su área,ENFASIS-D5-10°
53,Villota Rubio Héctor Hugo,LUNES,2,1,2,07:15,08:00,ENFASIS,,CNA,D5-10°,1001,Arboleda Ortiz Luz América (ART); Montaño Anchico Favio Héctor (CAS); Ramírez Guerra Jimmy Eduardo (ERD),EQUIPO DE 4: cada docente atiende un grupo de estudiantes en su área,ENFASIS-D5-10°
50,Valencia Solís Gloria Alexa,LUNES,3,2,1,08:20,09:05,AREAS_MULTIPLES,0001,ÁREAS MÚLTIPLES,,,,Maestro de aula: todas las áreas con su grupo,
27,Martínez Álvarez Andrea Ascención,LUNES,3,2,1,08:20,09:05,AREAS_MULTIPLES,0002,ÁREAS MÚLTIPLES,,,,Maestro de aula: todas las áreas con su grupo,
23,Landázuri Quiñones María Elia,LUNES,3,2,1,08:20,09:05,AREAS_MULTIPLES,0101,ÁREAS MÚLTIPLES,,,,Maestro de aula: todas las áreas con su grupo,
45,Sinisterra Ana Lucía,LUNES,3,2,1,08:20,09:05,AREAS_MULTIPLES,0102,ÁREAS MÚLTIPLES,,,,Maestro de aula: todas las áreas con su grupo,
13,Cortés Salazar María Ebelice,LUNES,3,2,1,08:20,09:05,AREAS_MULTIPLES,0201,ÁREAS MÚLTIPLES,,,,Maestro de aula: todas las áreas con su grupo,
21,Garzón Quiñones Sixta Janina,LUNES,3,2,1,08:20,09:05,AREAS_MULTIPLES,0202,ÁREAS MÚLTIPLES,,,,Maestro de aula: todas las áreas con su grupo,
46,Tenorio Cuero Lucy Bivian,LUNES,3,2,1,08:20,09:05,AREAS_MULTIPLES,0203,ÁREAS MÚLTIPLES,,,,Maestro de aula: todas las áreas con su grupo,
48,Torres Segura Encarnación,LUNES,3,2,1,08:20,09:05,AREAS_MULTIPLES,0301,ÁREAS MÚLTIPLES,,,,Maestro de aula: todas las áreas con su grupo,
24,Landázuri Gallón Teresa,LUNES,3,2,1,08:20,09:05,AREAS_MULTIPLES,0302,ÁREAS MÚLTIPLES,,,,Maestro de aula: todas las áreas con su grupo,
55,Zamora Ordóñez Celia Pastora,LUNES,3,2,1,08:20,09:05,AREAS_MULTIPLES,0401,ÁREAS MÚLTIPLES,,,,Maestro de aula: todas las áreas con su grupo,
33,Núñez Perlaza Elcy,LUNES,3,2,1,08:20,09:05,AREAS_MULTIPLES,0402,ÁREAS MÚLTIPLES,,,,Maestro de aula: todas las áreas con su grupo,
14,Cuéllar Gallo Nemesia,LUNES,3,2,1,08:20,09:05,AREAS_MULTIPLES,0501,ÁREAS MÚLTIPLES,,,,Maestro de aula: todas las áreas con su grupo,
11,Centeno Zúñiga Claudia Patricia,LUNES,3,2,1,08:20,09:05,AREAS_MULTIPLES,0502,ÁREAS MÚLTIPLES,,,,Maestro de aula: todas las áreas con su grupo,
32,Narváez Sánchez Dora Alejandra,LUNES,3,2,1,08:20,09:05,AREAS_MULTIPLES,0503,ÁREAS MÚLTIPLES,,,,Maestro de aula: todas las áreas con su grupo,
17,Escobar Cortés Liliana,LUNES,3,2,1,08:20,09:05,AREAS_MULTIPLES,0504,ÁREAS MÚLTIPLES,,,,Maestro de aula: todas las áreas con su grupo,
16,Cuero Rincón Hernando Jesús,LUNES,3,2,1,08:20,09:05,CLASE,0601,CAS,,,,,0601-CAS
37,Prado Quiñones Genís Maribel,LUNES,3,2,1,08:20,09:05,CLASE,0602,ART,,,,,0602-ART
52,Vásquez Valencia Segundo Leoncio,LUNES,3,2,1,08:20,09:05,CLASE,0701,MAT,,,,,0701-MAT
57,Armero Dájome Jesús,LUNES,3,2,1,08:20,09:05,CLASE,0702,ERD,,,,,0702-ERD
34,Ordóñez Tenorio Jaime Marcial,LUNES,3,2,1,08:20,09:05,CLASE,0703,CNA,,,,,0703-CNA
8,Casanova Quiñones Yoli del Carmen,LUNES,3,2,1,08:20,09:05,CLASE,0704,ETR,,,,Ética / Religión (alternan cada semana),0704-ETR
19,Fernández Vélez Alfredo Enrique,LUNES,3,2,1,08:20,09:05,CLASE,0801,TEI,,,,,0801-TEI
51,Valverde Montaño María Teresa,LUNES,3,2,1,08:20,09:05,CLASE,0802,CAS,,,,,0802-CAS
29,Mindineros Satizábal John Jáver,LUNES,3,2,1,08:20,09:05,CLASE,0902,TEI,,,,,0902-TEI
6,Betancourth Ocampo Yohana Patricia,LUNES,3,2,1,08:20,09:05,CLASE,1001,CSI,,,,Sociales / Inglés (alternan cada semana),1001-CSI
3,Arboleda Ortiz Luz América,LUNES,3,2,1,08:20,09:05,CLASE,1002,ART,,,,,1002-ART
53,Villota Rubio Héctor Hugo,LUNES,3,2,1,08:20,09:05,CLASE,1101,CNA,,,,,1101-CNA
26,Lozano Torres Amanda Inés,LUNES,3,2,1,08:20,09:05,CLASE,CS101,ETR,,,,Ética / Religión (alternan cada semana),CS101-ETR
4,Arizala Castro Roberto Carlos,LUNES,3,2,1,08:20,09:05,CLASE,CS102,ERD,,,,,CS102-ERD
44,Samaniego Angulo Flor Mireya,LUNES,3,2,1,08:20,09:05,CLASE,CS201,ART,,,,,CS201-ART
38,Preciado Torres Oleisa,LUNES,3,2,1,08:20,09:05,CLASE,CS202,MAT,,,,,CS202-MAT
7,Casanova Casanova Johana Andrea,LUNES,3,2,1,08:20,09:05,ORIENTACION,ORIENT,ORIENTACIÓN ESCOLAR,,,,Jornada 07:30 a 14:30,
36,Ponce Moncayo Ángela Paola,LUNES,3,2,1,08:20,09:05,ORIENTACION,ORIENT,ORIENTACIÓN ESCOLAR,,,,Jornada 08:30 a 13:30,
56,Ortiz Estacio Martha Cecilia,LUNES,3,2,1,08:20,09:05,TUTORIA,PTAFI,TUTORÍA PTAFI,,,,Jornada 06:30 a 12:00,
22,González Castillo Jólmer Jimy,LUNES,3,2,1,08:20,09:05,ENFASIS,,ERD,0901,0901,Valencia Marínez Saidy Eufemia (ART); Meza Banguera Gladys Alicia (CAS); Lemos Guancha Miriam (CNA),EQUIPO DE 4: cada docente atiende un grupo de estudiantes en su área,ENFASIS-0901
25,Lemos Guancha Miriam,LUNES,3,2,1,08:20,09:05,ENFASIS,,CNA,0901,0901,Valencia Marínez Saidy Eufemia (ART); Meza Banguera Gladys Alicia (CAS); González Castillo Jólmer Jimy (ERD),EQUIPO DE 4: cada docente atiende un grupo de estudiantes en su área,ENFASIS-0901
28,Meza Banguera Gladys Alicia,LUNES,3,2,1,08:20,09:05,ENFASIS,,CAS,0901,0901,Valencia Marínez Saidy Eufemia (ART); González Castillo Jólmer Jimy (ERD); Lemos Guancha Miriam (CNA),EQUIPO DE 4: cada docente atiende un grupo de estudiantes en su área,ENFASIS-0901
49,Valencia Marínez Saidy Eufemia,LUNES,3,2,1,08:20,09:05,ENFASIS,,ART,0901,0901,Meza Banguera Gladys Alicia (CAS); González Castillo Jólmer Jimy (ERD); Lemos Guancha Miriam (CNA),EQUIPO DE 4: cada docente atiende un grupo de estudiantes en su área,ENFASIS-0901
2,Angulo Lucero Andrés Mauricio,LUNES,3,2,1,08:20,09:05,ENFASIS,,TEI,D5-11°,1102,Pulgarín Ortiz César Marino (CSI); Montaño Arizala Leidis Claudina (ETR); Villota Rubio Janeth del Carmen (MAT),EQUIPO DE 4: cada docente atiende un grupo de estudiantes en su área,ENFASIS-D5-11°
31,Montaño Arizala Leidis Claudina,LUNES,3,2,1,08:20,09:05,ENFASIS,,ETR,D5-11°,1102,Pulgarín Ortiz César Marino (CSI); Villota Rubio Janeth del Carmen (MAT); Angulo Lucero Andrés Mauricio (TEI),EQUIPO DE 4: cada docente atiende un grupo de estudiantes en su área,ENFASIS-D5-11°
40,Pulgarín Ortiz César Marino,LUNES,3,2,1,08:20,09:05,ENFASIS,,CSI,D5-11°,1102,Montaño Arizala Leidis Claudina (ETR); Villota Rubio Janeth del Carmen (MAT); Angulo Lucero Andrés Mauricio (TEI),EQUIPO DE 4: cada docente atiende un grupo de estudiantes en su área,ENFASIS-D5-11°
54,Villota Rubio Janeth del Carmen,LUNES,3,2,1,08:20,09:05,ENFASIS,,MAT,D5-11°,1102,Pulgarín Ortiz César Marino (CSI); Montaño Arizala Leidis Claudina (ETR); Angulo Lucero Andrés Mauricio (TEI),EQUIPO DE 4: cada docente atiende un grupo de estudiantes en su área,ENFASIS-D5-11°
50,Valencia Solís Gloria Alexa,LUNES,4,2,2,09:05,09:50,AREAS_MULTIPLES,0001,ÁREAS MÚLTIPLES,,,,Maestro de aula: todas las áreas con su grupo,
27,Martínez Álvarez Andrea Ascención,LUNES,4,2,2,09:05,09:50,AREAS_MULTIPLES,0002,ÁREAS MÚLTIPLES,,,,Maestro de aula: todas las áreas con su grupo,
23,Landázuri Quiñones María Elia,LUNES,4,2,2,09:05,09:50,AREAS_MULTIPLES,0101,ÁREAS MÚLTIPLES,,,,Maestro de aula: todas las áreas con su grupo,
45,Sinisterra Ana Lucía,LUNES,4,2,2,09:05,09:50,AREAS_MULTIPLES,0102,ÁREAS MÚLTIPLES,,,,Maestro de aula: todas las áreas con su grupo,
13,Cortés Salazar María Ebelice,LUNES,4,2,2,09:05,09:50,AREAS_MULTIPLES,0201,ÁREAS MÚLTIPLES,,,,Maestro de aula: todas las áreas con su grupo,
21,Garzón Quiñones Sixta Janina,LUNES,4,2,2,09:05,09:50,AREAS_MULTIPLES,0202,ÁREAS MÚLTIPLES,,,,Maestro de aula: todas las áreas con su grupo,
46,Tenorio Cuero Lucy Bivian,LUNES,4,2,2,09:05,09:50,AREAS_MULTIPLES,0203,ÁREAS MÚLTIPLES,,,,Maestro de aula: todas las áreas con su grupo,
48,Torres Segura Encarnación,LUNES,4,2,2,09:05,09:50,AREAS_MULTIPLES,0301,ÁREAS MÚLTIPLES,,,,Maestro de aula: todas las áreas con su grupo,
24,Landázuri Gallón Teresa,LUNES,4,2,2,09:05,09:50,AREAS_MULTIPLES,0302,ÁREAS MÚLTIPLES,,,,Maestro de aula: todas las áreas con su grupo,
55,Zamora Ordóñez Celia Pastora,LUNES,4,2,2,09:05,09:50,AREAS_MULTIPLES,0401,ÁREAS MÚLTIPLES,,,,Maestro de aula: todas las áreas con su grupo,
33,Núñez Perlaza Elcy,LUNES,4,2,2,09:05,09:50,AREAS_MULTIPLES,0402,ÁREAS MÚLTIPLES,,,,Maestro de aula: todas las áreas con su grupo,
14,Cuéllar Gallo Nemesia,LUNES,4,2,2,09:05,09:50,AREAS_MULTIPLES,0501,ÁREAS MÚLTIPLES,,,,Maestro de aula: todas las áreas con su grupo,
11,Centeno Zúñiga Claudia Patricia,LUNES,4,2,2,09:05,09:50,AREAS_MULTIPLES,0502,ÁREAS MÚLTIPLES,,,,Maestro de aula: todas las áreas con su grupo,
32,Narváez Sánchez Dora Alejandra,LUNES,4,2,2,09:05,09:50,AREAS_MULTIPLES,0503,ÁREAS MÚLTIPLES,,,,Maestro de aula: todas las áreas con su grupo,
17,Escobar Cortés Liliana,LUNES,4,2,2,09:05,09:50,AREAS_MULTIPLES,0504,ÁREAS MÚLTIPLES,,,,Maestro de aula: todas las áreas con su grupo,
16,Cuero Rincón Hernando Jesús,LUNES,4,2,2,09:05,09:50,CLASE,0601,CAS,,,,,0601-CAS
37,Prado Quiñones Genís Maribel,LUNES,4,2,2,09:05,09:50,CLASE,0602,ART,,,,,0602-ART
52,Vásquez Valencia Segundo Leoncio,LUNES,4,2,2,09:05,09:50,CLASE,0701,MAT,,,,,0701-MAT
57,Armero Dájome Jesús,LUNES,4,2,2,09:05,09:50,CLASE,0702,ERD,,,,,0702-ERD
34,Ordóñez Tenorio Jaime Marcial,LUNES,4,2,2,09:05,09:50,CLASE,0703,CNA,,,,,0703-CNA
8,Casanova Quiñones Yoli del Carmen,LUNES,4,2,2,09:05,09:50,CLASE,0704,ETR,,,,Ética / Religión (alternan cada semana),0704-ETR
19,Fernández Vélez Alfredo Enrique,LUNES,4,2,2,09:05,09:50,CLASE,0801,TEI,,,,,0801-TEI
51,Valverde Montaño María Teresa,LUNES,4,2,2,09:05,09:50,CLASE,0802,CAS,,,,,0802-CAS
29,Mindineros Satizábal John Jáver,LUNES,4,2,2,09:05,09:50,CLASE,0902,TEI,,,,,0902-TEI
6,Betancourth Ocampo Yohana Patricia,LUNES,4,2,2,09:05,09:50,CLASE,1001,CSI,,,,Sociales / Inglés (alternan cada semana),1001-CSI
3,Arboleda Ortiz Luz América,LUNES,4,2,2,09:05,09:50,CLASE,1002,ART,,,,,1002-ART
53,Villota Rubio Héctor Hugo,LUNES,4,2,2,09:05,09:50,CLASE,1101,CNA,,,,,1101-CNA
26,Lozano Torres Amanda Inés,LUNES,4,2,2,09:05,09:50,CLASE,CS101,ETR,,,,Ética / Religión (alternan cada semana),CS101-ETR
4,Arizala Castro Roberto Carlos,LUNES,4,2,2,09:05,09:50,CLASE,CS102,ERD,,,,,CS102-ERD
44,Samaniego Angulo Flor Mireya,LUNES,4,2,2,09:05,09:50,CLASE,CS201,ART,,,,,CS201-ART
38,Preciado Torres Oleisa,LUNES,4,2,2,09:05,09:50,CLASE,CS202,MAT,,,,,CS202-MAT
7,Casanova Casanova Johana Andrea,LUNES,4,2,2,09:05,09:50,ORIENTACION,ORIENT,ORIENTACIÓN ESCOLAR,,,,Jornada 07:30 a 14:30,
36,Ponce Moncayo Ángela Paola,LUNES,4,2,2,09:05,09:50,ORIENTACION,ORIENT,ORIENTACIÓN ESCOLAR,,,,Jornada 08:30 a 13:30,
56,Ortiz Estacio Martha Cecilia,LUNES,4,2,2,09:05,09:50,TUTORIA,PTAFI,TUTORÍA PTAFI,,,,Jornada 06:30 a 12:00,
22,González Castillo Jólmer Jimy,LUNES,4,2,2,09:05,09:50,ENFASIS,,ERD,0901,0901,Valencia Marínez Saidy Eufemia (ART); Meza Banguera Gladys Alicia (CAS); Lemos Guancha Miriam (CNA),EQUIPO DE 4: cada docente atiende un grupo de estudiantes en su área,ENFASIS-0901
25,Lemos Guancha Miriam,LUNES,4,2,2,09:05,09:50,ENFASIS,,CNA,0901,0901,Valencia Marínez Saidy Eufemia (ART); Meza Banguera Gladys Alicia (CAS); González Castillo Jólmer Jimy (ERD),EQUIPO DE 4: cada docente atiende un grupo de estudiantes en su área,ENFASIS-0901
28,Meza Banguera Gladys Alicia,LUNES,4,2,2,09:05,09:50,ENFASIS,,CAS,0901,0901,Valencia Marínez Saidy Eufemia (ART); González Castillo Jólmer Jimy (ERD); Lemos Guancha Miriam (CNA),EQUIPO DE 4: cada docente atiende un grupo de estudiantes en su área,ENFASIS-0901
49,Valencia Marínez Saidy Eufemia,LUNES,4,2,2,09:05,09:50,ENFASIS,,ART,0901,0901,Meza Banguera Gladys Alicia (CAS); González Castillo Jólmer Jimy (ERD); Lemos Guancha Miriam (CNA),EQUIPO DE 4: cada docente atiende un grupo de estudiantes en su área,ENFASIS-0901
2,Angulo Lucero Andrés Mauricio,LUNES,4,2,2,09:05,09:50,ENFASIS,,TEI,D5-11°,1102,Pulgarín Ortiz César Marino (CSI); Montaño Arizala Leidis Claudina (ETR); Villota Rubio Janeth del Carmen (MAT),EQUIPO DE 4: cada docente atiende un grupo de estudiantes en su área,ENFASIS-D5-11°
31,Montaño Arizala Leidis Claudina,LUNES,4,2,2,09:05,09:50,ENFASIS,,ETR,D5-11°,1102,Pulgarín Ortiz César Marino (CSI); Villota Rubio Janeth del Carmen (MAT); Angulo Lucero Andrés Mauricio (TEI),EQUIPO DE 4: cada docente atiende un grupo de estudiantes en su área,ENFASIS-D5-11°
40,Pulgarín Ortiz César Marino,LUNES,4,2,2,09:05,09:50,ENFASIS,,CSI,D5-11°,1102,Montaño Arizala Leidis Claudina (ETR); Villota Rubio Janeth del Carmen (MAT); Angulo Lucero Andrés Mauricio (TEI),EQUIPO DE 4: cada docente atiende un grupo de estudiantes en su área,ENFASIS-D5-11°
54,Villota Rubio Janeth del Carmen,LUNES,4,2,2,09:05,09:50,ENFASIS,,MAT,D5-11°,1102,Pulgarín Ortiz César Marino (CSI); Montaño Arizala Leidis Claudina (ETR); Angulo Lucero Andrés Mauricio (TEI),EQUIPO DE 4: cada docente atiende un grupo de estudiantes en su área,ENFASIS-D5-11°
50,Valencia Solís Gloria Alexa,LUNES,5,3,1,10:10,10:55,AREAS_MULTIPLES,0001,ÁREAS MÚLTIPLES,,,,Maestro de aula: todas las áreas con su grupo,
27,Martínez Álvarez Andrea Ascención,LUNES,5,3,1,10:10,10:55,AREAS_MULTIPLES,0002,ÁREAS MÚLTIPLES,,,,Maestro de aula: todas las áreas con su grupo,
23,Landázuri Quiñones María Elia,LUNES,5,3,1,10:10,10:55,AREAS_MULTIPLES,0101,ÁREAS MÚLTIPLES,,,,Maestro de aula: todas las áreas con su grupo,
45,Sinisterra Ana Lucía,LUNES,5,3,1,10:10,10:55,AREAS_MULTIPLES,0102,ÁREAS MÚLTIPLES,,,,Maestro de aula: todas las áreas con su grupo,
13,Cortés Salazar María Ebelice,LUNES,5,3,1,10:10,10:55,AREAS_MULTIPLES,0201,ÁREAS MÚLTIPLES,,,,Maestro de aula: todas las áreas con su grupo,
21,Garzón Quiñones Sixta Janina,LUNES,5,3,1,10:10,10:55,AREAS_MULTIPLES,0202,ÁREAS MÚLTIPLES,,,,Maestro de aula: todas las áreas con su grupo,
46,Tenorio Cuero Lucy Bivian,LUNES,5,3,1,10:10,10:55,AREAS_MULTIPLES,0203,ÁREAS MÚLTIPLES,,,,Maestro de aula: todas las áreas con su grupo,
48,Torres Segura Encarnación,LUNES,5,3,1,10:10,10:55,AREAS_MULTIPLES,0301,ÁREAS MÚLTIPLES,,,,Maestro de aula: todas las áreas con su grupo,
24,Landázuri Gallón Teresa,LUNES,5,3,1,10:10,10:55,AREAS_MULTIPLES,0302,ÁREAS MÚLTIPLES,,,,Maestro de aula: todas las áreas con su grupo,
55,Zamora Ordóñez Celia Pastora,LUNES,5,3,1,10:10,10:55,AREAS_MULTIPLES,0401,ÁREAS MÚLTIPLES,,,,Maestro de aula: todas las áreas con su grupo,
33,Núñez Perlaza Elcy,LUNES,5,3,1,10:10,10:55,AREAS_MULTIPLES,0402,ÁREAS MÚLTIPLES,,,,Maestro de aula: todas las áreas con su grupo,
14,Cuéllar Gallo Nemesia,LUNES,5,3,1,10:10,10:55,AREAS_MULTIPLES,0501,ÁREAS MÚLTIPLES,,,,Maestro de aula: todas las áreas con su grupo,
11,Centeno Zúñiga Claudia Patricia,LUNES,5,3,1,10:10,10:55,AREAS_MULTIPLES,0502,ÁREAS MÚLTIPLES,,,,Maestro de aula: todas las áreas con su grupo,
32,Narváez Sánchez Dora Alejandra,LUNES,5,3,1,10:10,10:55,AREAS_MULTIPLES,0503,ÁREAS MÚLTIPLES,,,,Maestro de aula: todas las áreas con su grupo,
17,Escobar Cortés Liliana,LUNES,5,3,1,10:10,10:55,AREAS_MULTIPLES,0504,ÁREAS MÚLTIPLES,,,,Maestro de aula: todas las áreas con su grupo,
4,Arizala Castro Roberto Carlos,LUNES,5,3,1,10:10,10:55,CLASE,0601,ERD,,,,,0601-ERD
20,García Gobea Saydi Magali,LUNES,5,3,1,10:10,10:55,CLASE,0602,CSI,,,,Sociales / Inglés (alternan cada semana),0602-CSI
39,Puches Ana Milena,LUNES,5,3,1,10:10,10:55,CLASE,0701,ART,,,,,0701-ART
34,Ordóñez Tenorio Jaime Marcial,LUNES,5,3,1,10:10,10:55,CLASE,0702,CNA,,,,,0702-CNA
57,Armero Dájome Jesús,LUNES,5,3,1,10:10,10:55,CLASE,0703,ERD,,,,,0703-ERD
15,Cuero Bamba Berte Levi,LUNES,5,3,1,10:10,10:55,CLASE,0801,ERD,,,,,0801-ERD
6,Betancourth Ocampo Yohana Patricia,LUNES,5,3,1,10:10,10:55,CLASE,0902,CSI,,,,Sociales / Inglés (alternan cada semana),0902-CSI
18,Estacio Estupiñán Rosario,LUNES,5,3,1,10:10,10:55,CLASE,1001,ETR,,,,Ética / Religión (alternan cada semana),1001-ETR
30,Montaño Anchico Favio Héctor,LUNES,5,3,1,10:10,10:55,CLASE,1101,CAS,,,,,1101-CAS
43,Ramírez Guerra Jimmy Eduardo,LUNES,5,3,1,10:10,10:55,CLASE,1102,ERD,,,,,1102-ERD
42,Quiñones Cabezas Marcos Vidal,LUNES,5,3,1,10:10,10:55,CLASE,CS101,TEI,,,,,CS101-TEI
16,Cuero Rincón Hernando Jesús,LUNES,5,3,1,10:10,10:55,CLASE,CS102,CAS,,,,,CS102-CAS
12,Chillambo Quiñones María Rocío,LUNES,5,3,1,10:10,10:55,CLASE,CS201,CNA,,,,,CS201-CNA
44,Samaniego Angulo Flor Mireya,LUNES,5,3,1,10:10,10:55,CLASE,CS202,ART,,,,,CS202-ART
7,Casanova Casanova Johana Andrea,LUNES,5,3,1,10:10,10:55,ORIENTACION,ORIENT,ORIENTACIÓN ESCOLAR,,,,Jornada 07:30 a 14:30,
36,Ponce Moncayo Ángela Paola,LUNES,5,3,1,10:10,10:55,ORIENTACION,ORIENT,ORIENTACIÓN ESCOLAR,,,,Jornada 08:30 a 13:30,
56,Ortiz Estacio Martha Cecilia,LUNES,5,3,1,10:10,10:55,TUTORIA,PTAFI,TUTORÍA PTAFI,,,,Jornada 06:30 a 12:00,
1,Aguirre Riascos Jorge Andrés,LUNES,5,3,1,10:10,10:55,ENFASIS,,TEI,0704,0704,Vásquez Valencia Segundo Leoncio (MAT),PAREJA: comparten el énfasis y alternan por semana,ENFASIS-0704
52,Vásquez Valencia Segundo Leoncio,LUNES,5,3,1,10:10,10:55,ENFASIS,,MAT,0704,0704,Aguirre Riascos Jorge Andrés (TEI),PAREJA: comparten el énfasis y alternan por semana,ENFASIS-0704
9,Castillo Angulo Martha Cecilia,LUNES,5,3,1,10:10,10:55,ENFASIS,,ETR,0802,0802,Ortiz Araujo Adiela Carlota (CSI),PAREJA: comparten el énfasis y alternan por semana,ENFASIS-0802
19,Fernández Vélez Alfredo Enrique,LUNES,5,3,1,10:10,10:55,ENFASIS,,TEI,D3-8°,0802,Preciado Torres Oleisa (MAT),PAREJA: comparten el énfasis y alternan por semana,ENFASIS-D3-8°
35,Ortiz Araujo Adiela Carlota,LUNES,5,3,1,10:10,10:55,ENFASIS,,CSI,0802,0802,Castillo Angulo Martha Cecilia (ETR),PAREJA: comparten el énfasis y alternan por semana,ENFASIS-0802
38,Preciado Torres Oleisa,LUNES,5,3,1,10:10,10:55,ENFASIS,,MAT,D3-8°,0802,Fernández Vélez Alfredo Enrique (TEI),PAREJA: comparten el énfasis y alternan por semana,ENFASIS-D3-8°
22,González Castillo Jólmer Jimy,LUNES,5,3,1,10:10,10:55,ENFASIS,,ERD,0901,0901,Valencia Marínez Saidy Eufemia (ART); Meza Banguera Gladys Alicia (CAS); Lemos Guancha Miriam (CNA),EQUIPO DE 4: cada docente atiende un grupo de estudiantes en su área,ENFASIS-0901
25,Lemos Guancha Miriam,LUNES,5,3,1,10:10,10:55,ENFASIS,,CNA,0901,0901,Valencia Marínez Saidy Eufemia (ART); Meza Banguera Gladys Alicia (CAS); González Castillo Jólmer Jimy (ERD),EQUIPO DE 4: cada docente atiende un grupo de estudiantes en su área,ENFASIS-0901
28,Meza Banguera Gladys Alicia,LUNES,5,3,1,10:10,10:55,ENFASIS,,CAS,0901,0901,Valencia Marínez Saidy Eufemia (ART); González Castillo Jólmer Jimy (ERD); Lemos Guancha Miriam (CNA),EQUIPO DE 4: cada docente atiende un grupo de estudiantes en su área,ENFASIS-0901
49,Valencia Marínez Saidy Eufemia,LUNES,5,3,1,10:10,10:55,ENFASIS,,ART,0901,0901,Meza Banguera Gladys Alicia (CAS); González Castillo Jólmer Jimy (ERD); Lemos Guancha Miriam (CNA),EQUIPO DE 4: cada docente atiende un grupo de estudiantes en su área,ENFASIS-0901
2,Angulo Lucero Andrés Mauricio,LUNES,5,3,1,10:10,10:55,ENFASIS,,TEI,D5-10°,1002,Pulgarín Ortiz César Marino (CSI); Montaño Arizala Leidis Claudina (ETR); Villota Rubio Janeth del Carmen (MAT),EQUIPO DE 4: cada docente atiende un grupo de estudiantes en su área,ENFASIS-D5-10°
31,Montaño Arizala Leidis Claudina,LUNES,5,3,1,10:10,10:55,ENFASIS,,ETR,D5-10°,1002,Pulgarín Ortiz César Marino (CSI); Villota Rubio Janeth del Carmen (MAT); Angulo Lucero Andrés Mauricio (TEI),EQUIPO DE 4: cada docente atiende un grupo de estudiantes en su área,ENFASIS-D5-10°
40,Pulgarín Ortiz César Marino,LUNES,5,3,1,10:10,10:55,ENFASIS,,CSI,D5-10°,1002,Montaño Arizala Leidis Claudina (ETR); Villota Rubio Janeth del Carmen (MAT); Angulo Lucero Andrés Mauricio (TEI),EQUIPO DE 4: cada docente atiende un grupo de estudiantes en su área,ENFASIS-D5-10°
54,Villota Rubio Janeth del Carmen,LUNES,5,3,1,10:10,10:55,ENFASIS,,MAT,D5-10°,1002,Pulgarín Ortiz César Marino (CSI); Montaño Arizala Leidis Claudina (ETR); Angulo Lucero Andrés Mauricio (TEI),EQUIPO DE 4: cada docente atiende un grupo de estudiantes en su área,ENFASIS-D5-10°
50,Valencia Solís Gloria Alexa,LUNES,6,3,2,10:55,11:40,AREAS_MULTIPLES,0001,ÁREAS MÚLTIPLES,,,,Maestro de aula: todas las áreas con su grupo,
27,Martínez Álvarez Andrea Ascención,LUNES,6,3,2,10:55,11:40,AREAS_MULTIPLES,0002,ÁREAS MÚLTIPLES,,,,Maestro de aula: todas las áreas con su grupo,
23,Landázuri Quiñones María Elia,LUNES,6,3,2,10:55,11:40,AREAS_MULTIPLES,0101,ÁREAS MÚLTIPLES,,,,Maestro de aula: todas las áreas con su grupo,
45,Sinisterra Ana Lucía,LUNES,6,3,2,10:55,11:40,AREAS_MULTIPLES,0102,ÁREAS MÚLTIPLES,,,,Maestro de aula: todas las áreas con su grupo,
13,Cortés Salazar María Ebelice,LUNES,6,3,2,10:55,11:40,AREAS_MULTIPLES,0201,ÁREAS MÚLTIPLES,,,,Maestro de aula: todas las áreas con su grupo,
21,Garzón Quiñones Sixta Janina,LUNES,6,3,2,10:55,11:40,AREAS_MULTIPLES,0202,ÁREAS MÚLTIPLES,,,,Maestro de aula: todas las áreas con su grupo,
46,Tenorio Cuero Lucy Bivian,LUNES,6,3,2,10:55,11:40,AREAS_MULTIPLES,0203,ÁREAS MÚLTIPLES,,,,Maestro de aula: todas las áreas con su grupo,
48,Torres Segura Encarnación,LUNES,6,3,2,10:55,11:40,AREAS_MULTIPLES,0301,ÁREAS MÚLTIPLES,,,,Maestro de aula: todas las áreas con su grupo,
24,Landázuri Gallón Teresa,LUNES,6,3,2,10:55,11:40,AREAS_MULTIPLES,0302,ÁREAS MÚLTIPLES,,,,Maestro de aula: todas las áreas con su grupo,
55,Zamora Ordóñez Celia Pastora,LUNES,6,3,2,10:55,11:40,AREAS_MULTIPLES,0401,ÁREAS MÚLTIPLES,,,,Maestro de aula: todas las áreas con su grupo,
33,Núñez Perlaza Elcy,LUNES,6,3,2,10:55,11:40,AREAS_MULTIPLES,0402,ÁREAS MÚLTIPLES,,,,Maestro de aula: todas las áreas con su grupo,
14,Cuéllar Gallo Nemesia,LUNES,6,3,2,10:55,11:40,AREAS_MULTIPLES,0501,ÁREAS MÚLTIPLES,,,,Maestro de aula: todas las áreas con su grupo,
11,Centeno Zúñiga Claudia Patricia,LUNES,6,3,2,10:55,11:40,AREAS_MULTIPLES,0502,ÁREAS MÚLTIPLES,,,,Maestro de aula: todas las áreas con su grupo,
32,Narváez Sánchez Dora Alejandra,LUNES,6,3,2,10:55,11:40,AREAS_MULTIPLES,0503,ÁREAS MÚLTIPLES,,,,Maestro de aula: todas las áreas con su grupo,
17,Escobar Cortés Liliana,LUNES,6,3,2,10:55,11:40,AREAS_MULTIPLES,0504,ÁREAS MÚLTIPLES,,,,Maestro de aula: todas las áreas con su grupo,
4,Arizala Castro Roberto Carlos,LUNES,6,3,2,10:55,11:40,CLASE,0601,ERD,,,,,0601-ERD
20,García Gobea Saydi Magali,LUNES,6,3,2,10:55,11:40,CLASE,0602,CSI,,,,Sociales / Inglés (alternan cada semana),0602-CSI
39,Puches Ana Milena,LUNES,6,3,2,10:55,11:40,CLASE,0701,ART,,,,,0701-ART
34,Ordóñez Tenorio Jaime Marcial,LUNES,6,3,2,10:55,11:40,CLASE,0702,CNA,,,,,0702-CNA
57,Armero Dájome Jesús,LUNES,6,3,2,10:55,11:40,CLASE,0703,ERD,,,,,0703-ERD
15,Cuero Bamba Berte Levi,LUNES,6,3,2,10:55,11:40,CLASE,0801,ERD,,,,,0801-ERD
6,Betancourth Ocampo Yohana Patricia,LUNES,6,3,2,10:55,11:40,CLASE,0902,CSI,,,,Sociales / Inglés (alternan cada semana),0902-CSI
18,Estacio Estupiñán Rosario,LUNES,6,3,2,10:55,11:40,CLASE,1001,ETR,,,,Ética / Religión (alternan cada semana),1001-ETR
30,Montaño Anchico Favio Héctor,LUNES,6,3,2,10:55,11:40,CLASE,1101,CAS,,,,,1101-CAS
43,Ramírez Guerra Jimmy Eduardo,LUNES,6,3,2,10:55,11:40,CLASE,1102,ERD,,,,,1102-ERD
42,Quiñones Cabezas Marcos Vidal,LUNES,6,3,2,10:55,11:40,CLASE,CS101,TEI,,,,,CS101-TEI
16,Cuero Rincón Hernando Jesús,LUNES,6,3,2,10:55,11:40,CLASE,CS102,CAS,,,,,CS102-CAS
12,Chillambo Quiñones María Rocío,LUNES,6,3,2,10:55,11:40,CLASE,CS201,CNA,,,,,CS201-CNA
44,Samaniego Angulo Flor Mireya,LUNES,6,3,2,10:55,11:40,CLASE,CS202,ART,,,,,CS202-ART
7,Casanova Casanova Johana Andrea,LUNES,6,3,2,10:55,11:40,ORIENTACION,ORIENT,ORIENTACIÓN ESCOLAR,,,,Jornada 07:30 a 14:30,
36,Ponce Moncayo Ángela Paola,LUNES,6,3,2,10:55,11:40,ORIENTACION,ORIENT,ORIENTACIÓN ESCOLAR,,,,Jornada 08:30 a 13:30,
56,Ortiz Estacio Martha Cecilia,LUNES,6,3,2,10:55,11:40,TUTORIA,PTAFI,TUTORÍA PTAFI,,,,Jornada 06:30 a 12:00,
1,Aguirre Riascos Jorge Andrés,LUNES,6,3,2,10:55,11:40,ENFASIS,,TEI,0704,0704,Vásquez Valencia Segundo Leoncio (MAT),PAREJA: comparten el énfasis y alternan por semana,ENFASIS-0704
52,Vásquez Valencia Segundo Leoncio,LUNES,6,3,2,10:55,11:40,ENFASIS,,MAT,0704,0704,Aguirre Riascos Jorge Andrés (TEI),PAREJA: comparten el énfasis y alternan por semana,ENFASIS-0704
9,Castillo Angulo Martha Cecilia,LUNES,6,3,2,10:55,11:40,ENFASIS,,ETR,0802,0802,Ortiz Araujo Adiela Carlota (CSI),PAREJA: comparten el énfasis y alternan por semana,ENFASIS-0802
19,Fernández Vélez Alfredo Enrique,LUNES,6,3,2,10:55,11:40,ENFASIS,,TEI,D3-8°,0802,Preciado Torres Oleisa (MAT),PAREJA: comparten el énfasis y alternan por semana,ENFASIS-D3-8°
35,Ortiz Araujo Adiela Carlota,LUNES,6,3,2,10:55,11:40,ENFASIS,,CSI,0802,0802,Castillo Angulo Martha Cecilia (ETR),PAREJA: comparten el énfasis y alternan por semana,ENFASIS-0802
38,Preciado Torres Oleisa,LUNES,6,3,2,10:55,11:40,ENFASIS,,MAT,D3-8°,0802,Fernández Vélez Alfredo Enrique (TEI),PAREJA: comparten el énfasis y alternan por semana,ENFASIS-D3-8°
22,González Castillo Jólmer Jimy,LUNES,6,3,2,10:55,11:40,ENFASIS,,ERD,0901,0901,Valencia Marínez Saidy Eufemia (ART); Meza Banguera Gladys Alicia (CAS); Lemos Guancha Miriam (CNA),EQUIPO DE 4: cada docente atiende un grupo de estudiantes en su área,ENFASIS-0901
25,Lemos Guancha Miriam,LUNES,6,3,2,10:55,11:40,ENFASIS,,CNA,0901,0901,Valencia Marínez Saidy Eufemia (ART); Meza Banguera Gladys Alicia (CAS); González Castillo Jólmer Jimy (ERD),EQUIPO DE 4: cada docente atiende un grupo de estudiantes en su área,ENFASIS-0901
28,Meza Banguera Gladys Alicia,LUNES,6,3,2,10:55,11:40,ENFASIS,,CAS,0901,0901,Valencia Marínez Saidy Eufemia (ART); González Castillo Jólmer Jimy (ERD); Lemos Guancha Miriam (CNA),EQUIPO DE 4: cada docente atiende un grupo de estudiantes en su área,ENFASIS-0901
49,Valencia Marínez Saidy Eufemia,LUNES,6,3,2,10:55,11:40,ENFASIS,,ART,0901,0901,Meza Banguera Gladys Alicia (CAS); González Castillo Jólmer Jimy (ERD); Lemos Guancha Miriam (CNA),EQUIPO DE 4: cada docente atiende un grupo de estudiantes en su área,ENFASIS-0901
2,Angulo Lucero Andrés Mauricio,LUNES,6,3,2,10:55,11:40,ENFASIS,,TEI,D5-10°,1002,Pulgarín Ortiz César Marino (CSI); Montaño Arizala Leidis Claudina (ETR); Villota Rubio Janeth del Carmen (MAT),EQUIPO DE 4: cada docente atiende un grupo de estudiantes en su área,ENFASIS-D5-10°
31,Montaño Arizala Leidis Claudina,LUNES,6,3,2,10:55,11:40,ENFASIS,,ETR,D5-10°,1002,Pulgarín Ortiz César Marino (CSI); Villota Rubio Janeth del Carmen (MAT); Angulo Lucero Andrés Mauricio (TEI),EQUIPO DE 4: cada docente atiende un grupo de estudiantes en su área,ENFASIS-D5-10°
40,Pulgarín Ortiz César Marino,LUNES,6,3,2,10:55,11:40,ENFASIS,,CSI,D5-10°,1002,Montaño Arizala Leidis Claudina (ETR); Villota Rubio Janeth del Carmen (MAT); Angulo Lucero Andrés Mauricio (TEI),EQUIPO DE 4: cada docente atiende un grupo de estudiantes en su área,ENFASIS-D5-10°
54,Villota Rubio Janeth del Carmen,LUNES,6,3,2,10:55,11:40,ENFASIS,,MAT,D5-10°,1002,Pulgarín Ortiz César Marino (CSI); Montaño Arizala Leidis Claudina (ETR); Angulo Lucero Andrés Mauricio (TEI),EQUIPO DE 4: cada docente atiende un grupo de estudiantes en su área,ENFASIS-D5-10°
20,García Gobea Saydi Magali,LUNES,7,4,1,12:00,12:45,CLASE,0601,CSI,,,,Sociales / Inglés (alternan cada semana),0601-CSI
16,Cuero Rincón Hernando Jesús,LUNES,7,4,1,12:00,12:45,CLASE,0602,CAS,,,,,0602-CAS
34,Ordóñez Tenorio Jaime Marcial,LUNES,7,4,1,12:00,12:45,CLASE,0701,CNA,,,,,0701-CNA
1,Aguirre Riascos Jorge Andrés,LUNES,7,4,1,12:00,12:45,CLASE,0702,TEI,,,,,0702-TEI
8,Casanova Quiñones Yoli del Carmen,LUNES,7,4,1,12:00,12:45,CLASE,0703,ETR,,,,Ética / Religión (alternan cada semana),0703-REL
10,Castillo Cuero Daira Eneida,LUNES,7,4,1,12:00,12:45,CLASE,0704,CAS,,,,,0704-CAS
38,Preciado Torres Oleisa,LUNES,7,4,1,12:00,12:45,CLASE,0801,MAT,,,,,0801-MAT
12,Chillambo Quiñones María Rocío,LUNES,7,4,1,12:00,12:45,CLASE,0802,CNA,,,,,0802-CNA
18,Estacio Estupiñán Rosario,LUNES,7,4,1,12:00,12:45,CLASE,0901,ETR,,,,Ética / Religión (alternan cada semana),0901-ETR
5,Bastidas Valencia Zeneida Judith,LUNES,7,4,1,12:00,12:45,CLASE,0902,MAT,,,,,0902-MAT
29,Mindineros Satizábal John Jáver,LUNES,7,4,1,12:00,12:45,CLASE,1001,TEI,,,,,1001-TEI
2,Angulo Lucero Andrés Mauricio,LUNES,7,4,1,12:00,12:45,CLASE,1002,TEI,,,,,1002-TEI
31,Montaño Arizala Leidis Claudina,LUNES,7,4,1,12:00,12:45,CLASE,1102,ETR,,,,Ética / Religión (alternan cada semana),1102-ETR
4,Arizala Castro Roberto Carlos,LUNES,7,4,1,12:00,12:45,CLASE,CS101,ERD,,,,,CS101-ERD
42,Quiñones Cabezas Marcos Vidal,LUNES,7,4,1,12:00,12:45,CLASE,CS102,MAT,,,,,CS102-MAT
51,Valverde Montaño María Teresa,LUNES,7,4,1,12:00,12:45,CLASE,CS202,CAS,,,,,CS202-CAS
7,Casanova Casanova Johana Andrea,LUNES,7,4,1,12:00,12:45,ORIENTACION,ORIENT,ORIENTACIÓN ESCOLAR,,,,Jornada 07:30 a 14:30,
36,Ponce Moncayo Ángela Paola,LUNES,7,4,1,12:00,12:45,ORIENTACION,ORIENT,ORIENTACIÓN ESCOLAR,,,,Jornada 08:30 a 13:30,
3,Arboleda Ortiz Luz América,LUNES,7,4,1,12:00,12:45,ENFASIS,,ART,D5-11°,1101,Montaño Anchico Favio Héctor (CAS); Ramírez Guerra Jimmy Eduardo (ERD); Villota Rubio Héctor Hugo (CNA),EQUIPO DE 4: cada docente atiende un grupo de estudiantes en su área,ENFASIS-D5-11°
30,Montaño Anchico Favio Héctor,LUNES,7,4,1,12:00,12:45,ENFASIS,,CAS,D5-11°,1101,Arboleda Ortiz Luz América (ART); Ramírez Guerra Jimmy Eduardo (ERD); Villota Rubio Héctor Hugo (CNA),EQUIPO DE 4: cada docente atiende un grupo de estudiantes en su área,ENFASIS-D5-11°
43,Ramírez Guerra Jimmy Eduardo,LUNES,7,4,1,12:00,12:45,ENFASIS,,ERD,D5-11°,1101,Arboleda Ortiz Luz América (ART); Montaño Anchico Favio Héctor (CAS); Villota Rubio Héctor Hugo (CNA),EQUIPO DE 4: cada docente atiende un grupo de estudiantes en su área,ENFASIS-D5-11°
53,Villota Rubio Héctor Hugo,LUNES,7,4,1,12:00,12:45,ENFASIS,,CNA,D5-11°,1101,Arboleda Ortiz Luz América (ART); Montaño Anchico Favio Héctor (CAS); Ramírez Guerra Jimmy Eduardo (ERD),EQUIPO DE 4: cada docente atiende un grupo de estudiantes en su área,ENFASIS-D5-11°
22,González Castillo Jólmer Jimy,LUNES,7,4,1,12:00,12:45,ENFASIS,,ERD,CS201,CS201,Valencia Marínez Saidy Eufemia (ART); Meza Banguera Gladys Alicia (CAS); Lemos Guancha Miriam (CNA),EQUIPO DE 4: cada docente atiende un grupo de estudiantes en su área,ENFASIS-CS201
25,Lemos Guancha Miriam,LUNES,7,4,1,12:00,12:45,ENFASIS,,CNA,CS201,CS201,Valencia Marínez Saidy Eufemia (ART); Meza Banguera Gladys Alicia (CAS); González Castillo Jólmer Jimy (ERD),EQUIPO DE 4: cada docente atiende un grupo de estudiantes en su área,ENFASIS-CS201
28,Meza Banguera Gladys Alicia,LUNES,7,4,1,12:00,12:45,ENFASIS,,CAS,CS201,CS201,Valencia Marínez Saidy Eufemia (ART); González Castillo Jólmer Jimy (ERD); Lemos Guancha Miriam (CNA),EQUIPO DE 4: cada docente atiende un grupo de estudiantes en su área,ENFASIS-CS201
49,Valencia Marínez Saidy Eufemia,LUNES,7,4,1,12:00,12:45,ENFASIS,,ART,CS201,CS201,Meza Banguera Gladys Alicia (CAS); González Castillo Jólmer Jimy (ERD); Lemos Guancha Miriam (CNA),EQUIPO DE 4: cada docente atiende un grupo de estudiantes en su área,ENFASIS-CS201
20,García Gobea Saydi Magali,LUNES,8,4,2,12:45,13:30,CLASE,0601,CSI,,,,Sociales / Inglés (alternan cada semana),0601-CSI
16,Cuero Rincón Hernando Jesús,LUNES,8,4,2,12:45,13:30,CLASE,0602,CAS,,,,,0602-CAS
34,Ordóñez Tenorio Jaime Marcial,LUNES,8,4,2,12:45,13:30,CLASE,0701,CNA,,,,,0701-CNA
1,Aguirre Riascos Jorge Andrés,LUNES,8,4,2,12:45,13:30,CLASE,0702,TEI,,,,,0702-TEI
8,Casanova Quiñones Yoli del Carmen,LUNES,8,4,2,12:45,13:30,CLASE,0703,ETR,,,,Ética / Religión (alternan cada semana),0703-REL
10,Castillo Cuero Daira Eneida,LUNES,8,4,2,12:45,13:30,CLASE,0704,CAS,,,,,0704-CAS
38,Preciado Torres Oleisa,LUNES,8,4,2,12:45,13:30,CLASE,0801,MAT,,,,,0801-MAT
12,Chillambo Quiñones María Rocío,LUNES,8,4,2,12:45,13:30,CLASE,0802,CNA,,,,,0802-CNA
18,Estacio Estupiñán Rosario,LUNES,8,4,2,12:45,13:30,CLASE,0901,ETR,,,,Ética / Religión (alternan cada semana),0901-ETR
5,Bastidas Valencia Zeneida Judith,LUNES,8,4,2,12:45,13:30,CLASE,0902,MAT,,,,,0902-MAT
29,Mindineros Satizábal John Jáver,LUNES,8,4,2,12:45,13:30,CLASE,1001,TEI,,,,,1001-TEI
2,Angulo Lucero Andrés Mauricio,LUNES,8,4,2,12:45,13:30,CLASE,1002,TEI,,,,,1002-TEI
31,Montaño Arizala Leidis Claudina,LUNES,8,4,2,12:45,13:30,CLASE,1102,ETR,,,,Ética / Religión (alternan cada semana),1102-ETR
4,Arizala Castro Roberto Carlos,LUNES,8,4,2,12:45,13:30,CLASE,CS101,ERD,,,,,CS101-ERD
42,Quiñones Cabezas Marcos Vidal,LUNES,8,4,2,12:45,13:30,CLASE,CS102,MAT,,,,,CS102-MAT
51,Valverde Montaño María Teresa,LUNES,8,4,2,12:45,13:30,CLASE,CS202,CAS,,,,,CS202-CAS
7,Casanova Casanova Johana Andrea,LUNES,8,4,2,12:45,13:30,ORIENTACION,ORIENT,ORIENTACIÓN ESCOLAR,,,,Jornada 07:30 a 14:30,
36,Ponce Moncayo Ángela Paola,LUNES,8,4,2,12:45,13:30,ORIENTACION,ORIENT,ORIENTACIÓN ESCOLAR,,,,Jornada 08:30 a 13:30,
3,Arboleda Ortiz Luz América,LUNES,8,4,2,12:45,13:30,ENFASIS,,ART,D5-11°,1101,Montaño Anchico Favio Héctor (CAS); Ramírez Guerra Jimmy Eduardo (ERD); Villota Rubio Héctor Hugo (CNA),EQUIPO DE 4: cada docente atiende un grupo de estudiantes en su área,ENFASIS-D5-11°
30,Montaño Anchico Favio Héctor,LUNES,8,4,2,12:45,13:30,ENFASIS,,CAS,D5-11°,1101,Arboleda Ortiz Luz América (ART); Ramírez Guerra Jimmy Eduardo (ERD); Villota Rubio Héctor Hugo (CNA),EQUIPO DE 4: cada docente atiende un grupo de estudiantes en su área,ENFASIS-D5-11°
43,Ramírez Guerra Jimmy Eduardo,LUNES,8,4,2,12:45,13:30,ENFASIS,,ERD,D5-11°,1101,Arboleda Ortiz Luz América (ART); Montaño Anchico Favio Héctor (CAS); Villota Rubio Héctor Hugo (CNA),EQUIPO DE 4: cada docente atiende un grupo de estudiantes en su área,ENFASIS-D5-11°
53,Villota Rubio Héctor Hugo,LUNES,8,4,2,12:45,13:30,ENFASIS,,CNA,D5-11°,1101,Arboleda Ortiz Luz América (ART); Montaño Anchico Favio Héctor (CAS); Ramírez Guerra Jimmy Eduardo (ERD),EQUIPO DE 4: cada docente atiende un grupo de estudiantes en su área,ENFASIS-D5-11°
22,González Castillo Jólmer Jimy,LUNES,8,4,2,12:45,13:30,ENFASIS,,ERD,CS201,CS201,Valencia Marínez Saidy Eufemia (ART); Meza Banguera Gladys Alicia (CAS); Lemos Guancha Miriam (CNA),EQUIPO DE 4: cada docente atiende un grupo de estudiantes en su área,ENFASIS-CS201
25,Lemos Guancha Miriam,LUNES,8,4,2,12:45,13:30,ENFASIS,,CNA,CS201,CS201,Valencia Marínez Saidy Eufemia (ART); Meza Banguera Gladys Alicia (CAS); González Castillo Jólmer Jimy (ERD),EQUIPO DE 4: cada docente atiende un grupo de estudiantes en su área,ENFASIS-CS201
28,Meza Banguera Gladys Alicia,LUNES,8,4,2,12:45,13:30,ENFASIS,,CAS,CS201,CS201,Valencia Marínez Saidy Eufemia (ART); González Castillo Jólmer Jimy (ERD); Lemos Guancha Miriam (CNA),EQUIPO DE 4: cada docente atiende un grupo de estudiantes en su área,ENFASIS-CS201
49,Valencia Marínez Saidy Eufemia,LUNES,8,4,2,12:45,13:30,ENFASIS,,ART,CS201,CS201,Meza Banguera Gladys Alicia (CAS); González Castillo Jólmer Jimy (ERD); Lemos Guancha Miriam (CNA),EQUIPO DE 4: cada docente atiende un grupo de estudiantes en su área,ENFASIS-CS201
23,Landázuri Quiñones María Elia,MARTES,1,1,1,06:30,07:15,AREAS_MULTIPLES,0101,ÁREAS MÚLTIPLES,,,,Maestro de aula: todas las áreas con su grupo,
45,Sinisterra Ana Lucía,MARTES,1,1,1,06:30,07:15,AREAS_MULTIPLES,0102,ÁREAS MÚLTIPLES,,,,Maestro de aula: todas las áreas con su grupo,
13,Cortés Salazar María Ebelice,MARTES,1,1,1,06:30,07:15,AREAS_MULTIPLES,0201,ÁREAS MÚLTIPLES,,,,Maestro de aula: todas las áreas con su grupo,
21,Garzón Quiñones Sixta Janina,MARTES,1,1,1,06:30,07:15,AREAS_MULTIPLES,0202,ÁREAS MÚLTIPLES,,,,Maestro de aula: todas las áreas con su grupo,
46,Tenorio Cuero Lucy Bivian,MARTES,1,1,1,06:30,07:15,AREAS_MULTIPLES,0203,ÁREAS MÚLTIPLES,,,,Maestro de aula: todas las áreas con su grupo,
48,Torres Segura Encarnación,MARTES,1,1,1,06:30,07:15,AREAS_MULTIPLES,0301,ÁREAS MÚLTIPLES,,,,Maestro de aula: todas las áreas con su grupo,
24,Landázuri Gallón Teresa,MARTES,1,1,1,06:30,07:15,AREAS_MULTIPLES,0302,ÁREAS MÚLTIPLES,,,,Maestro de aula: todas las áreas con su grupo,
55,Zamora Ordóñez Celia Pastora,MARTES,1,1,1,06:30,07:15,AREAS_MULTIPLES,0401,ÁREAS MÚLTIPLES,,,,Maestro de aula: todas las áreas con su grupo,
33,Núñez Perlaza Elcy,MARTES,1,1,1,06:30,07:15,AREAS_MULTIPLES,0402,ÁREAS MÚLTIPLES,,,,Maestro de aula: todas las áreas con su grupo,
14,Cuéllar Gallo Nemesia,MARTES,1,1,1,06:30,07:15,AREAS_MULTIPLES,0501,ÁREAS MÚLTIPLES,,,,Maestro de aula: todas las áreas con su grupo,
11,Centeno Zúñiga Claudia Patricia,MARTES,1,1,1,06:30,07:15,AREAS_MULTIPLES,0502,ÁREAS MÚLTIPLES,,,,Maestro de aula: todas las áreas con su grupo,
32,Narváez Sánchez Dora Alejandra,MARTES,1,1,1,06:30,07:15,AREAS_MULTIPLES,0503,ÁREAS MÚLTIPLES,,,,Maestro de aula: todas las áreas con su grupo,
17,Escobar Cortés Liliana,MARTES,1,1,1,06:30,07:15,AREAS_MULTIPLES,0504,ÁREAS MÚLTIPLES,,,,Maestro de aula: todas las áreas con su grupo,
42,Quiñones Cabezas Marcos Vidal,MARTES,1,1,1,06:30,07:15,CLASE,0601,MAT,,,,,0601-MAT
16,Cuero Rincón Hernando Jesús,MARTES,1,1,1,06:30,07:15,CLASE,0602,TEI,,,,,0602-TEI
57,Armero Dájome Jesús,MARTES,1,1,1,06:30,07:15,CLASE,0704,ERD,,,,,0704-ERD
51,Valverde Montaño María Teresa,MARTES,1,1,1,06:30,07:15,CLASE,0801,CAS,,,,,0801-CAS
38,Preciado Torres Oleisa,MARTES,1,1,1,06:30,07:15,CLASE,0802,MAT,,,,,0802-MAT
49,Valencia Marínez Saidy Eufemia,MARTES,1,1,1,06:30,07:15,CLASE,0901,ART,,,,,0901-ART
25,Lemos Guancha Miriam,MARTES,1,1,1,06:30,07:15,CLASE,1001,CNA,,,,,1001-CNA
30,Montaño Anchico Favio Héctor,MARTES,1,1,1,06:30,07:15,CLASE,1002,CAS,,,,,1002-CAS
43,Ramírez Guerra Jimmy Eduardo,MARTES,1,1,1,06:30,07:15,CLASE,1101,ERD,,,,,1101-ERD
35,Ortiz Araujo Adiela Carlota,MARTES,1,1,1,06:30,07:15,CLASE,CS201,CSI,,,,Sociales / Inglés (alternan cada semana),CS201-CSI
19,Fernández Vélez Alfredo Enrique,MARTES,1,1,1,06:30,07:15,CLASE,CS202,TEI,,,,,CS202-TEI
56,Ortiz Estacio Martha Cecilia,MARTES,1,1,1,06:30,07:15,TUTORIA,PTAFI,TUTORÍA PTAFI,,,,Jornada 06:30 a 12:00,
10,Castillo Cuero Daira Eneida,MARTES,1,1,1,06:30,07:15,ENFASIS,,CAS,0701,0701,Puches Ana Milena (ART),PAREJA: comparten el énfasis y alternan por semana,ENFASIS-0701
39,Puches Ana Milena,MARTES,1,1,1,06:30,07:15,ENFASIS,,ART,0701,0701,Castillo Cuero Daira Eneida (CAS),PAREJA: comparten el énfasis y alternan por semana,ENFASIS-0701
12,Chillambo Quiñones María Rocío,MARTES,1,1,1,06:30,07:15,ENFASIS,,CNA,0702,0702,Cuero Bamba Berte Levi (ERD),PAREJA: comparten el énfasis y alternan por semana,ENFASIS-0702
15,Cuero Bamba Berte Levi,MARTES,1,1,1,06:30,07:15,ENFASIS,,ERD,0702,0702,Chillambo Quiñones María Rocío (CNA),PAREJA: comparten el énfasis y alternan por semana,ENFASIS-0702
8,Casanova Quiñones Yoli del Carmen,MARTES,1,1,1,06:30,07:15,ENFASIS,,ETR,0703,0703,Quintero Ramírez María del Carmen (CSI),PAREJA: comparten el énfasis y alternan por semana,ENFASIS-0703
41,Quintero Ramírez María del Carmen,MARTES,1,1,1,06:30,07:15,ENFASIS,,CSI,0703,0703,Casanova Quiñones Yoli del Carmen (ETR),PAREJA: comparten el énfasis y alternan por semana,ENFASIS-0703
5,Bastidas Valencia Zeneida Judith,MARTES,1,1,1,06:30,07:15,ENFASIS,,MAT,0902,0902,Betancourth Ocampo Yohana Patricia (CSI); Estacio Estupiñán Rosario (ETR); Mindineros Satizábal John Jáver (TEI),EQUIPO DE 4: cada docente atiende un grupo de estudiantes en su área,ENFASIS-0902
6,Betancourth Ocampo Yohana Patricia,MARTES,1,1,1,06:30,07:15,ENFASIS,,CSI,0902,0902,Estacio Estupiñán Rosario (ETR); Bastidas Valencia Zeneida Judith (MAT); Mindineros Satizábal John Jáver (TEI),EQUIPO DE 4: cada docente atiende un grupo de estudiantes en su área,ENFASIS-0902
18,Estacio Estupiñán Rosario,MARTES,1,1,1,06:30,07:15,ENFASIS,,ETR,0902,0902,Betancourth Ocampo Yohana Patricia (CSI); Bastidas Valencia Zeneida Judith (MAT); Mindineros Satizábal John Jáver (TEI),EQUIPO DE 4: cada docente atiende un grupo de estudiantes en su área,ENFASIS-0902
29,Mindineros Satizábal John Jáver,MARTES,1,1,1,06:30,07:15,ENFASIS,,TEI,0902,0902,Betancourth Ocampo Yohana Patricia (CSI); Estacio Estupiñán Rosario (ETR); Bastidas Valencia Zeneida Judith (MAT),EQUIPO DE 4: cada docente atiende un grupo de estudiantes en su área,ENFASIS-0902
2,Angulo Lucero Andrés Mauricio,MARTES,1,1,1,06:30,07:15,ENFASIS,,TEI,D5-11°,1102,Pulgarín Ortiz César Marino (CSI); Montaño Arizala Leidis Claudina (ETR); Villota Rubio Janeth del Carmen (MAT),EQUIPO DE 4: cada docente atiende un grupo de estudiantes en su área,ENFASIS-D5-11°
31,Montaño Arizala Leidis Claudina,MARTES,1,1,1,06:30,07:15,ENFASIS,,ETR,D5-11°,1102,Pulgarín Ortiz César Marino (CSI); Villota Rubio Janeth del Carmen (MAT); Angulo Lucero Andrés Mauricio (TEI),EQUIPO DE 4: cada docente atiende un grupo de estudiantes en su área,ENFASIS-D5-11°
40,Pulgarín Ortiz César Marino,MARTES,1,1,1,06:30,07:15,ENFASIS,,CSI,D5-11°,1102,Montaño Arizala Leidis Claudina (ETR); Villota Rubio Janeth del Carmen (MAT); Angulo Lucero Andrés Mauricio (TEI),EQUIPO DE 4: cada docente atiende un grupo de estudiantes en su área,ENFASIS-D5-11°
54,Villota Rubio Janeth del Carmen,MARTES,1,1,1,06:30,07:15,ENFASIS,,MAT,D5-11°,1102,Pulgarín Ortiz César Marino (CSI); Montaño Arizala Leidis Claudina (ETR); Angulo Lucero Andrés Mauricio (TEI),EQUIPO DE 4: cada docente atiende un grupo de estudiantes en su área,ENFASIS-D5-11°
20,García Gobea Saydi Magali,MARTES,1,1,1,06:30,07:15,ENFASIS,,CSI,CS101,CS101,Lozano Torres Amanda Inés (ETR),PAREJA: comparten el énfasis y alternan por semana,ENFASIS-CS101
26,Lozano Torres Amanda Inés,MARTES,1,1,1,06:30,07:15,ENFASIS,,ETR,CS101,CS101,García Gobea Saydi Magali (CSI),PAREJA: comparten el énfasis y alternan por semana,ENFASIS-CS101
1,Aguirre Riascos Jorge Andrés,MARTES,1,1,1,06:30,07:15,ENFASIS,,TEI,CS102,CS102,Vásquez Valencia Segundo Leoncio (MAT),PAREJA: comparten el énfasis y alternan por semana,ENFASIS-CS102
52,Vásquez Valencia Segundo Leoncio,MARTES,1,1,1,06:30,07:15,ENFASIS,,MAT,CS102,CS102,Aguirre Riascos Jorge Andrés (TEI),PAREJA: comparten el énfasis y alternan por semana,ENFASIS-CS102
50,Valencia Solís Gloria Alexa,MARTES,2,1,2,07:15,08:00,AREAS_MULTIPLES,0001,ÁREAS MÚLTIPLES,,,,Maestro de aula: todas las áreas con su grupo,
27,Martínez Álvarez Andrea Ascención,MARTES,2,1,2,07:15,08:00,AREAS_MULTIPLES,0002,ÁREAS MÚLTIPLES,,,,Maestro de aula: todas las áreas con su grupo,
23,Landázuri Quiñones María Elia,MARTES,2,1,2,07:15,08:00,AREAS_MULTIPLES,0101,ÁREAS MÚLTIPLES,,,,Maestro de aula: todas las áreas con su grupo,
45,Sinisterra Ana Lucía,MARTES,2,1,2,07:15,08:00,AREAS_MULTIPLES,0102,ÁREAS MÚLTIPLES,,,,Maestro de aula: todas las áreas con su grupo,
13,Cortés Salazar María Ebelice,MARTES,2,1,2,07:15,08:00,AREAS_MULTIPLES,0201,ÁREAS MÚLTIPLES,,,,Maestro de aula: todas las áreas con su grupo,
21,Garzón Quiñones Sixta Janina,MARTES,2,1,2,07:15,08:00,AREAS_MULTIPLES,0202,ÁREAS MÚLTIPLES,,,,Maestro de aula: todas las áreas con su grupo,
46,Tenorio Cuero Lucy Bivian,MARTES,2,1,2,07:15,08:00,AREAS_MULTIPLES,0203,ÁREAS MÚLTIPLES,,,,Maestro de aula: todas las áreas con su grupo,
48,Torres Segura Encarnación,MARTES,2,1,2,07:15,08:00,AREAS_MULTIPLES,0301,ÁREAS MÚLTIPLES,,,,Maestro de aula: todas las áreas con su grupo,
24,Landázuri Gallón Teresa,MARTES,2,1,2,07:15,08:00,AREAS_MULTIPLES,0302,ÁREAS MÚLTIPLES,,,,Maestro de aula: todas las áreas con su grupo,
55,Zamora Ordóñez Celia Pastora,MARTES,2,1,2,07:15,08:00,AREAS_MULTIPLES,0401,ÁREAS MÚLTIPLES,,,,Maestro de aula: todas las áreas con su grupo,
33,Núñez Perlaza Elcy,MARTES,2,1,2,07:15,08:00,AREAS_MULTIPLES,0402,ÁREAS MÚLTIPLES,,,,Maestro de aula: todas las áreas con su grupo,
14,Cuéllar Gallo Nemesia,MARTES,2,1,2,07:15,08:00,AREAS_MULTIPLES,0501,ÁREAS MÚLTIPLES,,,,Maestro de aula: todas las áreas con su grupo,
11,Centeno Zúñiga Claudia Patricia,MARTES,2,1,2,07:15,08:00,AREAS_MULTIPLES,0502,ÁREAS MÚLTIPLES,,,,Maestro de aula: todas las áreas con su grupo,
32,Narváez Sánchez Dora Alejandra,MARTES,2,1,2,07:15,08:00,AREAS_MULTIPLES,0503,ÁREAS MÚLTIPLES,,,,Maestro de aula: todas las áreas con su grupo,
17,Escobar Cortés Liliana,MARTES,2,1,2,07:15,08:00,AREAS_MULTIPLES,0504,ÁREAS MÚLTIPLES,,,,Maestro de aula: todas las áreas con su grupo,
42,Quiñones Cabezas Marcos Vidal,MARTES,2,1,2,07:15,08:00,CLASE,0601,MAT,,,,,0601-MAT
16,Cuero Rincón Hernando Jesús,MARTES,2,1,2,07:15,08:00,CLASE,0602,TEI,,,,,0602-TEI
57,Armero Dájome Jesús,MARTES,2,1,2,07:15,08:00,CLASE,0704,ERD,,,,,0704-ERD
51,Valverde Montaño María Teresa,MARTES,2,1,2,07:15,08:00,CLASE,0801,CAS,,,,,0801-CAS
38,Preciado Torres Oleisa,MARTES,2,1,2,07:15,08:00,CLASE,0802,MAT,,,,,0802-MAT
49,Valencia Marínez Saidy Eufemia,MARTES,2,1,2,07:15,08:00,CLASE,0901,ART,,,,,0901-ART
25,Lemos Guancha Miriam,MARTES,2,1,2,07:15,08:00,CLASE,1001,CNA,,,,,1001-CNA
30,Montaño Anchico Favio Héctor,MARTES,2,1,2,07:15,08:00,CLASE,1002,CAS,,,,,1002-CAS
43,Ramírez Guerra Jimmy Eduardo,MARTES,2,1,2,07:15,08:00,CLASE,1101,ERD,,,,,1101-ERD
35,Ortiz Araujo Adiela Carlota,MARTES,2,1,2,07:15,08:00,CLASE,CS201,CSI,,,,Sociales / Inglés (alternan cada semana),CS201-CSI
19,Fernández Vélez Alfredo Enrique,MARTES,2,1,2,07:15,08:00,CLASE,CS202,TEI,,,,,CS202-TEI
7,Casanova Casanova Johana Andrea,MARTES,2,1,2,07:15,08:00,ORIENTACION,ORIENT,ORIENTACIÓN ESCOLAR,,,,Jornada 07:30 a 14:30,
56,Ortiz Estacio Martha Cecilia,MARTES,2,1,2,07:15,08:00,TUTORIA,PTAFI,TUTORÍA PTAFI,,,,Jornada 06:30 a 12:00,
10,Castillo Cuero Daira Eneida,MARTES,2,1,2,07:15,08:00,ENFASIS,,CAS,0701,0701,Puches Ana Milena (ART),PAREJA: comparten el énfasis y alternan por semana,ENFASIS-0701
39,Puches Ana Milena,MARTES,2,1,2,07:15,08:00,ENFASIS,,ART,0701,0701,Castillo Cuero Daira Eneida (CAS),PAREJA: comparten el énfasis y alternan por semana,ENFASIS-0701
12,Chillambo Quiñones María Rocío,MARTES,2,1,2,07:15,08:00,ENFASIS,,CNA,0702,0702,Cuero Bamba Berte Levi (ERD),PAREJA: comparten el énfasis y alternan por semana,ENFASIS-0702
15,Cuero Bamba Berte Levi,MARTES,2,1,2,07:15,08:00,ENFASIS,,ERD,0702,0702,Chillambo Quiñones María Rocío (CNA),PAREJA: comparten el énfasis y alternan por semana,ENFASIS-0702
8,Casanova Quiñones Yoli del Carmen,MARTES,2,1,2,07:15,08:00,ENFASIS,,ETR,0703,0703,Quintero Ramírez María del Carmen (CSI),PAREJA: comparten el énfasis y alternan por semana,ENFASIS-0703
41,Quintero Ramírez María del Carmen,MARTES,2,1,2,07:15,08:00,ENFASIS,,CSI,0703,0703,Casanova Quiñones Yoli del Carmen (ETR),PAREJA: comparten el énfasis y alternan por semana,ENFASIS-0703
5,Bastidas Valencia Zeneida Judith,MARTES,2,1,2,07:15,08:00,ENFASIS,,MAT,0902,0902,Betancourth Ocampo Yohana Patricia (CSI); Estacio Estupiñán Rosario (ETR); Mindineros Satizábal John Jáver (TEI),EQUIPO DE 4: cada docente atiende un grupo de estudiantes en su área,ENFASIS-0902
6,Betancourth Ocampo Yohana Patricia,MARTES,2,1,2,07:15,08:00,ENFASIS,,CSI,0902,0902,Estacio Estupiñán Rosario (ETR); Bastidas Valencia Zeneida Judith (MAT); Mindineros Satizábal John Jáver (TEI),EQUIPO DE 4: cada docente atiende un grupo de estudiantes en su área,ENFASIS-0902
18,Estacio Estupiñán Rosario,MARTES,2,1,2,07:15,08:00,ENFASIS,,ETR,0902,0902,Betancourth Ocampo Yohana Patricia (CSI); Bastidas Valencia Zeneida Judith (MAT); Mindineros Satizábal John Jáver (TEI),EQUIPO DE 4: cada docente atiende un grupo de estudiantes en su área,ENFASIS-0902
29,Mindineros Satizábal John Jáver,MARTES,2,1,2,07:15,08:00,ENFASIS,,TEI,0902,0902,Betancourth Ocampo Yohana Patricia (CSI); Estacio Estupiñán Rosario (ETR); Bastidas Valencia Zeneida Judith (MAT),EQUIPO DE 4: cada docente atiende un grupo de estudiantes en su área,ENFASIS-0902
2,Angulo Lucero Andrés Mauricio,MARTES,2,1,2,07:15,08:00,ENFASIS,,TEI,D5-11°,1102,Pulgarín Ortiz César Marino (CSI); Montaño Arizala Leidis Claudina (ETR); Villota Rubio Janeth del Carmen (MAT),EQUIPO DE 4: cada docente atiende un grupo de estudiantes en su área,ENFASIS-D5-11°
31,Montaño Arizala Leidis Claudina,MARTES,2,1,2,07:15,08:00,ENFASIS,,ETR,D5-11°,1102,Pulgarín Ortiz César Marino (CSI); Villota Rubio Janeth del Carmen (MAT); Angulo Lucero Andrés Mauricio (TEI),EQUIPO DE 4: cada docente atiende un grupo de estudiantes en su área,ENFASIS-D5-11°
40,Pulgarín Ortiz César Marino,MARTES,2,1,2,07:15,08:00,ENFASIS,,CSI,D5-11°,1102,Montaño Arizala Leidis Claudina (ETR); Villota Rubio Janeth del Carmen (MAT); Angulo Lucero Andrés Mauricio (TEI),EQUIPO DE 4: cada docente atiende un grupo de estudiantes en su área,ENFASIS-D5-11°
54,Villota Rubio Janeth del Carmen,MARTES,2,1,2,07:15,08:00,ENFASIS,,MAT,D5-11°,1102,Pulgarín Ortiz César Marino (CSI); Montaño Arizala Leidis Claudina (ETR); Angulo Lucero Andrés Mauricio (TEI),EQUIPO DE 4: cada docente atiende un grupo de estudiantes en su área,ENFASIS-D5-11°
20,García Gobea Saydi Magali,MARTES,2,1,2,07:15,08:00,ENFASIS,,CSI,CS101,CS101,Lozano Torres Amanda Inés (ETR),PAREJA: comparten el énfasis y alternan por semana,ENFASIS-CS101
26,Lozano Torres Amanda Inés,MARTES,2,1,2,07:15,08:00,ENFASIS,,ETR,CS101,CS101,García Gobea Saydi Magali (CSI),PAREJA: comparten el énfasis y alternan por semana,ENFASIS-CS101
1,Aguirre Riascos Jorge Andrés,MARTES,2,1,2,07:15,08:00,ENFASIS,,TEI,CS102,CS102,Vásquez Valencia Segundo Leoncio (MAT),PAREJA: comparten el énfasis y alternan por semana,ENFASIS-CS102
52,Vásquez Valencia Segundo Leoncio,MARTES,2,1,2,07:15,08:00,ENFASIS,,MAT,CS102,CS102,Aguirre Riascos Jorge Andrés (TEI),PAREJA: comparten el énfasis y alternan por semana,ENFASIS-CS102
50,Valencia Solís Gloria Alexa,MARTES,3,2,1,08:20,09:05,AREAS_MULTIPLES,0001,ÁREAS MÚLTIPLES,,,,Maestro de aula: todas las áreas con su grupo,
27,Martínez Álvarez Andrea Ascención,MARTES,3,2,1,08:20,09:05,AREAS_MULTIPLES,0002,ÁREAS MÚLTIPLES,,,,Maestro de aula: todas las áreas con su grupo,
23,Landázuri Quiñones María Elia,MARTES,3,2,1,08:20,09:05,AREAS_MULTIPLES,0101,ÁREAS MÚLTIPLES,,,,Maestro de aula: todas las áreas con su grupo,
45,Sinisterra Ana Lucía,MARTES,3,2,1,08:20,09:05,AREAS_MULTIPLES,0102,ÁREAS MÚLTIPLES,,,,Maestro de aula: todas las áreas con su grupo,
13,Cortés Salazar María Ebelice,MARTES,3,2,1,08:20,09:05,AREAS_MULTIPLES,0201,ÁREAS MÚLTIPLES,,,,Maestro de aula: todas las áreas con su grupo,
21,Garzón Quiñones Sixta Janina,MARTES,3,2,1,08:20,09:05,AREAS_MULTIPLES,0202,ÁREAS MÚLTIPLES,,,,Maestro de aula: todas las áreas con su grupo,
46,Tenorio Cuero Lucy Bivian,MARTES,3,2,1,08:20,09:05,AREAS_MULTIPLES,0203,ÁREAS MÚLTIPLES,,,,Maestro de aula: todas las áreas con su grupo,
48,Torres Segura Encarnación,MARTES,3,2,1,08:20,09:05,AREAS_MULTIPLES,0301,ÁREAS MÚLTIPLES,,,,Maestro de aula: todas las áreas con su grupo,
24,Landázuri Gallón Teresa,MARTES,3,2,1,08:20,09:05,AREAS_MULTIPLES,0302,ÁREAS MÚLTIPLES,,,,Maestro de aula: todas las áreas con su grupo,
55,Zamora Ordóñez Celia Pastora,MARTES,3,2,1,08:20,09:05,AREAS_MULTIPLES,0401,ÁREAS MÚLTIPLES,,,,Maestro de aula: todas las áreas con su grupo,
33,Núñez Perlaza Elcy,MARTES,3,2,1,08:20,09:05,AREAS_MULTIPLES,0402,ÁREAS MÚLTIPLES,,,,Maestro de aula: todas las áreas con su grupo,
14,Cuéllar Gallo Nemesia,MARTES,3,2,1,08:20,09:05,AREAS_MULTIPLES,0501,ÁREAS MÚLTIPLES,,,,Maestro de aula: todas las áreas con su grupo,
11,Centeno Zúñiga Claudia Patricia,MARTES,3,2,1,08:20,09:05,AREAS_MULTIPLES,0502,ÁREAS MÚLTIPLES,,,,Maestro de aula: todas las áreas con su grupo,
32,Narváez Sánchez Dora Alejandra,MARTES,3,2,1,08:20,09:05,AREAS_MULTIPLES,0503,ÁREAS MÚLTIPLES,,,,Maestro de aula: todas las áreas con su grupo,
17,Escobar Cortés Liliana,MARTES,3,2,1,08:20,09:05,AREAS_MULTIPLES,0504,ÁREAS MÚLTIPLES,,,,Maestro de aula: todas las áreas con su grupo,
37,Prado Quiñones Genís Maribel,MARTES,3,2,1,08:20,09:05,CLASE,0601,CNA,,,,,0601-CNA
16,Cuero Rincón Hernando Jesús,MARTES,3,2,1,08:20,09:05,CLASE,0602,CAS,,,,,0602-CAS
52,Vásquez Valencia Segundo Leoncio,MARTES,3,2,1,08:20,09:05,CLASE,0701,MAT,,,,,0701-MAT
1,Aguirre Riascos Jorge Andrés,MARTES,3,2,1,08:20,09:05,CLASE,0702,TEI,,,,,0702-TEI
39,Puches Ana Milena,MARTES,3,2,1,08:20,09:05,CLASE,0703,ART,,,,,0703-ART
41,Quintero Ramírez María del Carmen,MARTES,3,2,1,08:20,09:05,CLASE,0704,CSI,,,,Sociales / Inglés (alternan cada semana),0704-CSI
9,Castillo Angulo Martha Cecilia,MARTES,3,2,1,08:20,09:05,CLASE,0802,ETR,,,,Ética / Religión (alternan cada semana),0802-ETR
18,Estacio Estupiñán Rosario,MARTES,3,2,1,08:20,09:05,CLASE,0901,ETR,,,,Ética / Religión (alternan cada semana),0901-ETR
5,Bastidas Valencia Zeneida Judith,MARTES,3,2,1,08:20,09:05,CLASE,0902,MAT,,,,,0902-MAT
29,Mindineros Satizábal John Jáver,MARTES,3,2,1,08:20,09:05,CLASE,1001,TEI,,,,,1001-TEI
2,Angulo Lucero Andrés Mauricio,MARTES,3,2,1,08:20,09:05,CLASE,1002,TEI,,,,,1002-TEI
40,Pulgarín Ortiz César Marino,MARTES,3,2,1,08:20,09:05,CLASE,1102,CSI,,,,Sociales / Inglés (alternan cada semana),1102-CSI
42,Quiñones Cabezas Marcos Vidal,MARTES,3,2,1,08:20,09:05,CLASE,CS101,MAT,,,,,CS101-MAT
26,Lozano Torres Amanda Inés,MARTES,3,2,1,08:20,09:05,CLASE,CS102,ETR,,,,Ética / Religión (alternan cada semana),CS102-ETR
35,Ortiz Araujo Adiela Carlota,MARTES,3,2,1,08:20,09:05,CLASE,CS202,CSI,,,,Sociales / Inglés (alternan cada semana),CS202-CSI
7,Casanova Casanova Johana Andrea,MARTES,3,2,1,08:20,09:05,ORIENTACION,ORIENT,ORIENTACIÓN ESCOLAR,,,,Jornada 07:30 a 14:30,
36,Ponce Moncayo Ángela Paola,MARTES,3,2,1,08:20,09:05,ORIENTACION,ORIENT,ORIENTACIÓN ESCOLAR,,,,Jornada 08:30 a 13:30,
56,Ortiz Estacio Martha Cecilia,MARTES,3,2,1,08:20,09:05,TUTORIA,PTAFI,TUTORÍA PTAFI,,,,Jornada 06:30 a 12:00,
12,Chillambo Quiñones María Rocío,MARTES,3,2,1,08:20,09:05,ENFASIS,,CNA,0801,0801,Samaniego Angulo Flor Mireya (ART); Valverde Montaño María Teresa (CAS); Cuero Bamba Berte Levi (ERD),EQUIPO DE 4: cada docente atiende un grupo de estudiantes en su área,ENFASIS-0801
15,Cuero Bamba Berte Levi,MARTES,3,2,1,08:20,09:05,ENFASIS,,ERD,0801,0801,Samaniego Angulo Flor Mireya (ART); Valverde Montaño María Teresa (CAS); Chillambo Quiñones María Rocío (CNA),EQUIPO DE 4: cada docente atiende un grupo de estudiantes en su área,ENFASIS-0801
44,Samaniego Angulo Flor Mireya,MARTES,3,2,1,08:20,09:05,ENFASIS,,ART,0801,0801,Valverde Montaño María Teresa (CAS); Cuero Bamba Berte Levi (ERD); Chillambo Quiñones María Rocío (CNA),EQUIPO DE 4: cada docente atiende un grupo de estudiantes en su área,ENFASIS-0801
51,Valverde Montaño María Teresa,MARTES,3,2,1,08:20,09:05,ENFASIS,,CAS,0801,0801,Samaniego Angulo Flor Mireya (ART); Cuero Bamba Berte Levi (ERD); Chillambo Quiñones María Rocío (CNA),EQUIPO DE 4: cada docente atiende un grupo de estudiantes en su área,ENFASIS-0801
3,Arboleda Ortiz Luz América,MARTES,3,2,1,08:20,09:05,ENFASIS,,ART,D5-11°,1101,Montaño Anchico Favio Héctor (CAS); Ramírez Guerra Jimmy Eduardo (ERD); Villota Rubio Héctor Hugo (CNA),EQUIPO DE 4: cada docente atiende un grupo de estudiantes en su área,ENFASIS-D5-11°
30,Montaño Anchico Favio Héctor,MARTES,3,2,1,08:20,09:05,ENFASIS,,CAS,D5-11°,1101,Arboleda Ortiz Luz América (ART); Ramírez Guerra Jimmy Eduardo (ERD); Villota Rubio Héctor Hugo (CNA),EQUIPO DE 4: cada docente atiende un grupo de estudiantes en su área,ENFASIS-D5-11°
43,Ramírez Guerra Jimmy Eduardo,MARTES,3,2,1,08:20,09:05,ENFASIS,,ERD,D5-11°,1101,Arboleda Ortiz Luz América (ART); Montaño Anchico Favio Héctor (CAS); Villota Rubio Héctor Hugo (CNA),EQUIPO DE 4: cada docente atiende un grupo de estudiantes en su área,ENFASIS-D5-11°
53,Villota Rubio Héctor Hugo,MARTES,3,2,1,08:20,09:05,ENFASIS,,CNA,D5-11°,1101,Arboleda Ortiz Luz América (ART); Montaño Anchico Favio Héctor (CAS); Ramírez Guerra Jimmy Eduardo (ERD),EQUIPO DE 4: cada docente atiende un grupo de estudiantes en su área,ENFASIS-D5-11°
22,González Castillo Jólmer Jimy,MARTES,3,2,1,08:20,09:05,ENFASIS,,ERD,CS201,CS201,Valencia Marínez Saidy Eufemia (ART); Meza Banguera Gladys Alicia (CAS); Lemos Guancha Miriam (CNA),EQUIPO DE 4: cada docente atiende un grupo de estudiantes en su área,ENFASIS-CS201
25,Lemos Guancha Miriam,MARTES,3,2,1,08:20,09:05,ENFASIS,,CNA,CS201,CS201,Valencia Marínez Saidy Eufemia (ART); Meza Banguera Gladys Alicia (CAS); González Castillo Jólmer Jimy (ERD),EQUIPO DE 4: cada docente atiende un grupo de estudiantes en su área,ENFASIS-CS201
28,Meza Banguera Gladys Alicia,MARTES,3,2,1,08:20,09:05,ENFASIS,,CAS,CS201,CS201,Valencia Marínez Saidy Eufemia (ART); González Castillo Jólmer Jimy (ERD); Lemos Guancha Miriam (CNA),EQUIPO DE 4: cada docente atiende un grupo de estudiantes en su área,ENFASIS-CS201
49,Valencia Marínez Saidy Eufemia,MARTES,3,2,1,08:20,09:05,ENFASIS,,ART,CS201,CS201,Meza Banguera Gladys Alicia (CAS); González Castillo Jólmer Jimy (ERD); Lemos Guancha Miriam (CNA),EQUIPO DE 4: cada docente atiende un grupo de estudiantes en su área,ENFASIS-CS201
50,Valencia Solís Gloria Alexa,MARTES,4,2,2,09:05,09:50,AREAS_MULTIPLES,0001,ÁREAS MÚLTIPLES,,,,Maestro de aula: todas las áreas con su grupo,
27,Martínez Álvarez Andrea Ascención,MARTES,4,2,2,09:05,09:50,AREAS_MULTIPLES,0002,ÁREAS MÚLTIPLES,,,,Maestro de aula: todas las áreas con su grupo,
23,Landázuri Quiñones María Elia,MARTES,4,2,2,09:05,09:50,AREAS_MULTIPLES,0101,ÁREAS MÚLTIPLES,,,,Maestro de aula: todas las áreas con su grupo,
45,Sinisterra Ana Lucía,MARTES,4,2,2,09:05,09:50,AREAS_MULTIPLES,0102,ÁREAS MÚLTIPLES,,,,Maestro de aula: todas las áreas con su grupo,
13,Cortés Salazar María Ebelice,MARTES,4,2,2,09:05,09:50,AREAS_MULTIPLES,0201,ÁREAS MÚLTIPLES,,,,Maestro de aula: todas las áreas con su grupo,
21,Garzón Quiñones Sixta Janina,MARTES,4,2,2,09:05,09:50,AREAS_MULTIPLES,0202,ÁREAS MÚLTIPLES,,,,Maestro de aula: todas las áreas con su grupo,
46,Tenorio Cuero Lucy Bivian,MARTES,4,2,2,09:05,09:50,AREAS_MULTIPLES,0203,ÁREAS MÚLTIPLES,,,,Maestro de aula: todas las áreas con su grupo,
48,Torres Segura Encarnación,MARTES,4,2,2,09:05,09:50,AREAS_MULTIPLES,0301,ÁREAS MÚLTIPLES,,,,Maestro de aula: todas las áreas con su grupo,
24,Landázuri Gallón Teresa,MARTES,4,2,2,09:05,09:50,AREAS_MULTIPLES,0302,ÁREAS MÚLTIPLES,,,,Maestro de aula: todas las áreas con su grupo,
55,Zamora Ordóñez Celia Pastora,MARTES,4,2,2,09:05,09:50,AREAS_MULTIPLES,0401,ÁREAS MÚLTIPLES,,,,Maestro de aula: todas las áreas con su grupo,
33,Núñez Perlaza Elcy,MARTES,4,2,2,09:05,09:50,AREAS_MULTIPLES,0402,ÁREAS MÚLTIPLES,,,,Maestro de aula: todas las áreas con su grupo,
14,Cuéllar Gallo Nemesia,MARTES,4,2,2,09:05,09:50,AREAS_MULTIPLES,0501,ÁREAS MÚLTIPLES,,,,Maestro de aula: todas las áreas con su grupo,
11,Centeno Zúñiga Claudia Patricia,MARTES,4,2,2,09:05,09:50,AREAS_MULTIPLES,0502,ÁREAS MÚLTIPLES,,,,Maestro de aula: todas las áreas con su grupo,
32,Narváez Sánchez Dora Alejandra,MARTES,4,2,2,09:05,09:50,AREAS_MULTIPLES,0503,ÁREAS MÚLTIPLES,,,,Maestro de aula: todas las áreas con su grupo,
17,Escobar Cortés Liliana,MARTES,4,2,2,09:05,09:50,AREAS_MULTIPLES,0504,ÁREAS MÚLTIPLES,,,,Maestro de aula: todas las áreas con su grupo,
37,Prado Quiñones Genís Maribel,MARTES,4,2,2,09:05,09:50,CLASE,0601,CNA,,,,,0601-CNA
16,Cuero Rincón Hernando Jesús,MARTES,4,2,2,09:05,09:50,CLASE,0602,CAS,,,,,0602-CAS
52,Vásquez Valencia Segundo Leoncio,MARTES,4,2,2,09:05,09:50,CLASE,0701,MAT,,,,,0701-MAT
1,Aguirre Riascos Jorge Andrés,MARTES,4,2,2,09:05,09:50,CLASE,0702,TEI,,,,,0702-TEI
39,Puches Ana Milena,MARTES,4,2,2,09:05,09:50,CLASE,0703,ART,,,,,0703-ART
41,Quintero Ramírez María del Carmen,MARTES,4,2,2,09:05,09:50,CLASE,0704,CSI,,,,Sociales / Inglés (alternan cada semana),0704-CSI
9,Castillo Angulo Martha Cecilia,MARTES,4,2,2,09:05,09:50,CLASE,0802,ETR,,,,Ética / Religión (alternan cada semana),0802-ETR
18,Estacio Estupiñán Rosario,MARTES,4,2,2,09:05,09:50,CLASE,0901,ETR,,,,Ética / Religión (alternan cada semana),0901-ETR
5,Bastidas Valencia Zeneida Judith,MARTES,4,2,2,09:05,09:50,CLASE,0902,MAT,,,,,0902-MAT
29,Mindineros Satizábal John Jáver,MARTES,4,2,2,09:05,09:50,CLASE,1001,TEI,,,,,1001-TEI
2,Angulo Lucero Andrés Mauricio,MARTES,4,2,2,09:05,09:50,CLASE,1002,TEI,,,,,1002-TEI
40,Pulgarín Ortiz César Marino,MARTES,4,2,2,09:05,09:50,CLASE,1102,CSI,,,,Sociales / Inglés (alternan cada semana),1102-CSI
42,Quiñones Cabezas Marcos Vidal,MARTES,4,2,2,09:05,09:50,CLASE,CS101,MAT,,,,,CS101-MAT
26,Lozano Torres Amanda Inés,MARTES,4,2,2,09:05,09:50,CLASE,CS102,ETR,,,,Ética / Religión (alternan cada semana),CS102-ETR
35,Ortiz Araujo Adiela Carlota,MARTES,4,2,2,09:05,09:50,CLASE,CS202,CSI,,,,Sociales / Inglés (alternan cada semana),CS202-CSI
7,Casanova Casanova Johana Andrea,MARTES,4,2,2,09:05,09:50,ORIENTACION,ORIENT,ORIENTACIÓN ESCOLAR,,,,Jornada 07:30 a 14:30,
36,Ponce Moncayo Ángela Paola,MARTES,4,2,2,09:05,09:50,ORIENTACION,ORIENT,ORIENTACIÓN ESCOLAR,,,,Jornada 08:30 a 13:30,
56,Ortiz Estacio Martha Cecilia,MARTES,4,2,2,09:05,09:50,TUTORIA,PTAFI,TUTORÍA PTAFI,,,,Jornada 06:30 a 12:00,
12,Chillambo Quiñones María Rocío,MARTES,4,2,2,09:05,09:50,ENFASIS,,CNA,0801,0801,Samaniego Angulo Flor Mireya (ART); Valverde Montaño María Teresa (CAS); Cuero Bamba Berte Levi (ERD),EQUIPO DE 4: cada docente atiende un grupo de estudiantes en su área,ENFASIS-0801
15,Cuero Bamba Berte Levi,MARTES,4,2,2,09:05,09:50,ENFASIS,,ERD,0801,0801,Samaniego Angulo Flor Mireya (ART); Valverde Montaño María Teresa (CAS); Chillambo Quiñones María Rocío (CNA),EQUIPO DE 4: cada docente atiende un grupo de estudiantes en su área,ENFASIS-0801
44,Samaniego Angulo Flor Mireya,MARTES,4,2,2,09:05,09:50,ENFASIS,,ART,0801,0801,Valverde Montaño María Teresa (CAS); Cuero Bamba Berte Levi (ERD); Chillambo Quiñones María Rocío (CNA),EQUIPO DE 4: cada docente atiende un grupo de estudiantes en su área,ENFASIS-0801
51,Valverde Montaño María Teresa,MARTES,4,2,2,09:05,09:50,ENFASIS,,CAS,0801,0801,Samaniego Angulo Flor Mireya (ART); Cuero Bamba Berte Levi (ERD); Chillambo Quiñones María Rocío (CNA),EQUIPO DE 4: cada docente atiende un grupo de estudiantes en su área,ENFASIS-0801
3,Arboleda Ortiz Luz América,MARTES,4,2,2,09:05,09:50,ENFASIS,,ART,D5-11°,1101,Montaño Anchico Favio Héctor (CAS); Ramírez Guerra Jimmy Eduardo (ERD); Villota Rubio Héctor Hugo (CNA),EQUIPO DE 4: cada docente atiende un grupo de estudiantes en su área,ENFASIS-D5-11°
30,Montaño Anchico Favio Héctor,MARTES,4,2,2,09:05,09:50,ENFASIS,,CAS,D5-11°,1101,Arboleda Ortiz Luz América (ART); Ramírez Guerra Jimmy Eduardo (ERD); Villota Rubio Héctor Hugo (CNA),EQUIPO DE 4: cada docente atiende un grupo de estudiantes en su área,ENFASIS-D5-11°
43,Ramírez Guerra Jimmy Eduardo,MARTES,4,2,2,09:05,09:50,ENFASIS,,ERD,D5-11°,1101,Arboleda Ortiz Luz América (ART); Montaño Anchico Favio Héctor (CAS); Villota Rubio Héctor Hugo (CNA),EQUIPO DE 4: cada docente atiende un grupo de estudiantes en su área,ENFASIS-D5-11°
53,Villota Rubio Héctor Hugo,MARTES,4,2,2,09:05,09:50,ENFASIS,,CNA,D5-11°,1101,Arboleda Ortiz Luz América (ART); Montaño Anchico Favio Héctor (CAS); Ramírez Guerra Jimmy Eduardo (ERD),EQUIPO DE 4: cada docente atiende un grupo de estudiantes en su área,ENFASIS-D5-11°
22,González Castillo Jólmer Jimy,MARTES,4,2,2,09:05,09:50,ENFASIS,,ERD,CS201,CS201,Valencia Marínez Saidy Eufemia (ART); Meza Banguera Gladys Alicia (CAS); Lemos Guancha Miriam (CNA),EQUIPO DE 4: cada docente atiende un grupo de estudiantes en su área,ENFASIS-CS201
25,Lemos Guancha Miriam,MARTES,4,2,2,09:05,09:50,ENFASIS,,CNA,CS201,CS201,Valencia Marínez Saidy Eufemia (ART); Meza Banguera Gladys Alicia (CAS); González Castillo Jólmer Jimy (ERD),EQUIPO DE 4: cada docente atiende un grupo de estudiantes en su área,ENFASIS-CS201
28,Meza Banguera Gladys Alicia,MARTES,4,2,2,09:05,09:50,ENFASIS,,CAS,CS201,CS201,Valencia Marínez Saidy Eufemia (ART); González Castillo Jólmer Jimy (ERD); Lemos Guancha Miriam (CNA),EQUIPO DE 4: cada docente atiende un grupo de estudiantes en su área,ENFASIS-CS201
49,Valencia Marínez Saidy Eufemia,MARTES,4,2,2,09:05,09:50,ENFASIS,,ART,CS201,CS201,Meza Banguera Gladys Alicia (CAS); González Castillo Jólmer Jimy (ERD); Lemos Guancha Miriam (CNA),EQUIPO DE 4: cada docente atiende un grupo de estudiantes en su área,ENFASIS-CS201
50,Valencia Solís Gloria Alexa,MARTES,5,3,1,10:10,10:55,AREAS_MULTIPLES,0001,ÁREAS MÚLTIPLES,,,,Maestro de aula: todas las áreas con su grupo,
27,Martínez Álvarez Andrea Ascención,MARTES,5,3,1,10:10,10:55,AREAS_MULTIPLES,0002,ÁREAS MÚLTIPLES,,,,Maestro de aula: todas las áreas con su grupo,
23,Landázuri Quiñones María Elia,MARTES,5,3,1,10:10,10:55,AREAS_MULTIPLES,0101,ÁREAS MÚLTIPLES,,,,Maestro de aula: todas las áreas con su grupo,
45,Sinisterra Ana Lucía,MARTES,5,3,1,10:10,10:55,AREAS_MULTIPLES,0102,ÁREAS MÚLTIPLES,,,,Maestro de aula: todas las áreas con su grupo,
13,Cortés Salazar María Ebelice,MARTES,5,3,1,10:10,10:55,AREAS_MULTIPLES,0201,ÁREAS MÚLTIPLES,,,,Maestro de aula: todas las áreas con su grupo,
21,Garzón Quiñones Sixta Janina,MARTES,5,3,1,10:10,10:55,AREAS_MULTIPLES,0202,ÁREAS MÚLTIPLES,,,,Maestro de aula: todas las áreas con su grupo,
46,Tenorio Cuero Lucy Bivian,MARTES,5,3,1,10:10,10:55,AREAS_MULTIPLES,0203,ÁREAS MÚLTIPLES,,,,Maestro de aula: todas las áreas con su grupo,
48,Torres Segura Encarnación,MARTES,5,3,1,10:10,10:55,AREAS_MULTIPLES,0301,ÁREAS MÚLTIPLES,,,,Maestro de aula: todas las áreas con su grupo,
24,Landázuri Gallón Teresa,MARTES,5,3,1,10:10,10:55,AREAS_MULTIPLES,0302,ÁREAS MÚLTIPLES,,,,Maestro de aula: todas las áreas con su grupo,
55,Zamora Ordóñez Celia Pastora,MARTES,5,3,1,10:10,10:55,AREAS_MULTIPLES,0401,ÁREAS MÚLTIPLES,,,,Maestro de aula: todas las áreas con su grupo,
33,Núñez Perlaza Elcy,MARTES,5,3,1,10:10,10:55,AREAS_MULTIPLES,0402,ÁREAS MÚLTIPLES,,,,Maestro de aula: todas las áreas con su grupo,
14,Cuéllar Gallo Nemesia,MARTES,5,3,1,10:10,10:55,AREAS_MULTIPLES,0501,ÁREAS MÚLTIPLES,,,,Maestro de aula: todas las áreas con su grupo,
11,Centeno Zúñiga Claudia Patricia,MARTES,5,3,1,10:10,10:55,AREAS_MULTIPLES,0502,ÁREAS MÚLTIPLES,,,,Maestro de aula: todas las áreas con su grupo,
32,Narváez Sánchez Dora Alejandra,MARTES,5,3,1,10:10,10:55,AREAS_MULTIPLES,0503,ÁREAS MÚLTIPLES,,,,Maestro de aula: todas las áreas con su grupo,
17,Escobar Cortés Liliana,MARTES,5,3,1,10:10,10:55,AREAS_MULTIPLES,0504,ÁREAS MÚLTIPLES,,,,Maestro de aula: todas las áreas con su grupo,
16,Cuero Rincón Hernando Jesús,MARTES,5,3,1,10:10,10:55,CLASE,0601,TEI,,,,,0601-TEI
37,Prado Quiñones Genís Maribel,MARTES,5,3,1,10:10,10:55,CLASE,0602,CNA,,,,,0602-CNA
39,Puches Ana Milena,MARTES,5,3,1,10:10,10:55,CLASE,0701,ART,,,,,0701-ART
10,Castillo Cuero Daira Eneida,MARTES,5,3,1,10:10,10:55,CLASE,0702,CAS,,,,,0702-CAS
41,Quintero Ramírez María del Carmen,MARTES,5,3,1,10:10,10:55,CLASE,0703,CSI,,,,Sociales / Inglés (alternan cada semana),0703-CSI
9,Castillo Angulo Martha Cecilia,MARTES,5,3,1,10:10,10:55,CLASE,0801,ETR,,,,Ética / Religión (alternan cada semana),0801-ETR
44,Samaniego Angulo Flor Mireya,MARTES,5,3,1,10:10,10:55,CLASE,0802,ART,,,,,0802-ART
28,Meza Banguera Gladys Alicia,MARTES,5,3,1,10:10,10:55,CLASE,0901,CAS,,,,,0901-CAS
25,Lemos Guancha Miriam,MARTES,5,3,1,10:10,10:55,CLASE,0902,CNA,,,,,0902-CNA
22,González Castillo Jólmer Jimy,MARTES,5,3,1,10:10,10:55,CLASE,1001,ERD,,,,,1001-ERD
3,Arboleda Ortiz Luz América,MARTES,5,3,1,10:10,10:55,CLASE,1101,ART,,,,,1101-ART
53,Villota Rubio Héctor Hugo,MARTES,5,3,1,10:10,10:55,CLASE,1102,CNA,,,,,1102-CNA
20,García Gobea Saydi Magali,MARTES,5,3,1,10:10,10:55,CLASE,CS101,CSI,,,,Sociales / Inglés (alternan cada semana),CS101-CSI
4,Arizala Castro Roberto Carlos,MARTES,5,3,1,10:10,10:55,CLASE,CS102,ERD,,,,,CS102-ERD
51,Valverde Montaño María Teresa,MARTES,5,3,1,10:10,10:55,CLASE,CS201,CAS,,,,,CS201-CAS
7,Casanova Casanova Johana Andrea,MARTES,5,3,1,10:10,10:55,ORIENTACION,ORIENT,ORIENTACIÓN ESCOLAR,,,,Jornada 07:30 a 14:30,
36,Ponce Moncayo Ángela Paola,MARTES,5,3,1,10:10,10:55,ORIENTACION,ORIENT,ORIENTACIÓN ESCOLAR,,,,Jornada 08:30 a 13:30,
56,Ortiz Estacio Martha Cecilia,MARTES,5,3,1,10:10,10:55,TUTORIA,PTAFI,TUTORÍA PTAFI,,,,Jornada 06:30 a 12:00,
19,Fernández Vélez Alfredo Enrique,MARTES,5,3,1,10:10,10:55,ENFASIS,,TEI,0704,0704,Preciado Torres Oleisa (MAT),PAREJA: comparten el énfasis y alternan por semana,ENFASIS-0704
38,Preciado Torres Oleisa,MARTES,5,3,1,10:10,10:55,ENFASIS,,MAT,0704,0704,Fernández Vélez Alfredo Enrique (TEI),PAREJA: comparten el énfasis y alternan por semana,ENFASIS-0704
2,Angulo Lucero Andrés Mauricio,MARTES,5,3,1,10:10,10:55,ENFASIS,,TEI,D5-10°,1002,Pulgarín Ortiz César Marino (CSI); Montaño Arizala Leidis Claudina (ETR); Villota Rubio Janeth del Carmen (MAT),EQUIPO DE 4: cada docente atiende un grupo de estudiantes en su área,ENFASIS-D5-10°
31,Montaño Arizala Leidis Claudina,MARTES,5,3,1,10:10,10:55,ENFASIS,,ETR,D5-10°,1002,Pulgarín Ortiz César Marino (CSI); Villota Rubio Janeth del Carmen (MAT); Angulo Lucero Andrés Mauricio (TEI),EQUIPO DE 4: cada docente atiende un grupo de estudiantes en su área,ENFASIS-D5-10°
40,Pulgarín Ortiz César Marino,MARTES,5,3,1,10:10,10:55,ENFASIS,,CSI,D5-10°,1002,Montaño Arizala Leidis Claudina (ETR); Villota Rubio Janeth del Carmen (MAT); Angulo Lucero Andrés Mauricio (TEI),EQUIPO DE 4: cada docente atiende un grupo de estudiantes en su área,ENFASIS-D5-10°
54,Villota Rubio Janeth del Carmen,MARTES,5,3,1,10:10,10:55,ENFASIS,,MAT,D5-10°,1002,Pulgarín Ortiz César Marino (CSI); Montaño Arizala Leidis Claudina (ETR); Angulo Lucero Andrés Mauricio (TEI),EQUIPO DE 4: cada docente atiende un grupo de estudiantes en su área,ENFASIS-D5-10°
5,Bastidas Valencia Zeneida Judith,MARTES,5,3,1,10:10,10:55,ENFASIS,,MAT,CS202,CS202,Betancourth Ocampo Yohana Patricia (CSI); Estacio Estupiñán Rosario (ETR); Mindineros Satizábal John Jáver (TEI),EQUIPO DE 4: cada docente atiende un grupo de estudiantes en su área,ENFASIS-CS202
6,Betancourth Ocampo Yohana Patricia,MARTES,5,3,1,10:10,10:55,ENFASIS,,CSI,CS202,CS202,Estacio Estupiñán Rosario (ETR); Bastidas Valencia Zeneida Judith (MAT); Mindineros Satizábal John Jáver (TEI),EQUIPO DE 4: cada docente atiende un grupo de estudiantes en su área,ENFASIS-CS202
18,Estacio Estupiñán Rosario,MARTES,5,3,1,10:10,10:55,ENFASIS,,ETR,CS202,CS202,Betancourth Ocampo Yohana Patricia (CSI); Bastidas Valencia Zeneida Judith (MAT); Mindineros Satizábal John Jáver (TEI),EQUIPO DE 4: cada docente atiende un grupo de estudiantes en su área,ENFASIS-CS202
29,Mindineros Satizábal John Jáver,MARTES,5,3,1,10:10,10:55,ENFASIS,,TEI,CS202,CS202,Betancourth Ocampo Yohana Patricia (CSI); Estacio Estupiñán Rosario (ETR); Bastidas Valencia Zeneida Judith (MAT),EQUIPO DE 4: cada docente atiende un grupo de estudiantes en su área,ENFASIS-CS202
50,Valencia Solís Gloria Alexa,MARTES,6,3,2,10:55,11:40,AREAS_MULTIPLES,0001,ÁREAS MÚLTIPLES,,,,Maestro de aula: todas las áreas con su grupo,
27,Martínez Álvarez Andrea Ascención,MARTES,6,3,2,10:55,11:40,AREAS_MULTIPLES,0002,ÁREAS MÚLTIPLES,,,,Maestro de aula: todas las áreas con su grupo,
23,Landázuri Quiñones María Elia,MARTES,6,3,2,10:55,11:40,AREAS_MULTIPLES,0101,ÁREAS MÚLTIPLES,,,,Maestro de aula: todas las áreas con su grupo,
45,Sinisterra Ana Lucía,MARTES,6,3,2,10:55,11:40,AREAS_MULTIPLES,0102,ÁREAS MÚLTIPLES,,,,Maestro de aula: todas las áreas con su grupo,
13,Cortés Salazar María Ebelice,MARTES,6,3,2,10:55,11:40,AREAS_MULTIPLES,0201,ÁREAS MÚLTIPLES,,,,Maestro de aula: todas las áreas con su grupo,
21,Garzón Quiñones Sixta Janina,MARTES,6,3,2,10:55,11:40,AREAS_MULTIPLES,0202,ÁREAS MÚLTIPLES,,,,Maestro de aula: todas las áreas con su grupo,
46,Tenorio Cuero Lucy Bivian,MARTES,6,3,2,10:55,11:40,AREAS_MULTIPLES,0203,ÁREAS MÚLTIPLES,,,,Maestro de aula: todas las áreas con su grupo,
48,Torres Segura Encarnación,MARTES,6,3,2,10:55,11:40,AREAS_MULTIPLES,0301,ÁREAS MÚLTIPLES,,,,Maestro de aula: todas las áreas con su grupo,
24,Landázuri Gallón Teresa,MARTES,6,3,2,10:55,11:40,AREAS_MULTIPLES,0302,ÁREAS MÚLTIPLES,,,,Maestro de aula: todas las áreas con su grupo,
55,Zamora Ordóñez Celia Pastora,MARTES,6,3,2,10:55,11:40,AREAS_MULTIPLES,0401,ÁREAS MÚLTIPLES,,,,Maestro de aula: todas las áreas con su grupo,
33,Núñez Perlaza Elcy,MARTES,6,3,2,10:55,11:40,AREAS_MULTIPLES,0402,ÁREAS MÚLTIPLES,,,,Maestro de aula: todas las áreas con su grupo,
14,Cuéllar Gallo Nemesia,MARTES,6,3,2,10:55,11:40,AREAS_MULTIPLES,0501,ÁREAS MÚLTIPLES,,,,Maestro de aula: todas las áreas con su grupo,
11,Centeno Zúñiga Claudia Patricia,MARTES,6,3,2,10:55,11:40,AREAS_MULTIPLES,0502,ÁREAS MÚLTIPLES,,,,Maestro de aula: todas las áreas con su grupo,
32,Narváez Sánchez Dora Alejandra,MARTES,6,3,2,10:55,11:40,AREAS_MULTIPLES,0503,ÁREAS MÚLTIPLES,,,,Maestro de aula: todas las áreas con su grupo,
17,Escobar Cortés Liliana,MARTES,6,3,2,10:55,11:40,AREAS_MULTIPLES,0504,ÁREAS MÚLTIPLES,,,,Maestro de aula: todas las áreas con su grupo,
16,Cuero Rincón Hernando Jesús,MARTES,6,3,2,10:55,11:40,CLASE,0601,TEI,,,,,0601-TEI
37,Prado Quiñones Genís Maribel,MARTES,6,3,2,10:55,11:40,CLASE,0602,CNA,,,,,0602-CNA
39,Puches Ana Milena,MARTES,6,3,2,10:55,11:40,CLASE,0701,ART,,,,,0701-ART
10,Castillo Cuero Daira Eneida,MARTES,6,3,2,10:55,11:40,CLASE,0702,CAS,,,,,0702-CAS
41,Quintero Ramírez María del Carmen,MARTES,6,3,2,10:55,11:40,CLASE,0703,CSI,,,,Sociales / Inglés (alternan cada semana),0703-CSI
9,Castillo Angulo Martha Cecilia,MARTES,6,3,2,10:55,11:40,CLASE,0801,ETR,,,,Ética / Religión (alternan cada semana),0801-ETR
44,Samaniego Angulo Flor Mireya,MARTES,6,3,2,10:55,11:40,CLASE,0802,ART,,,,,0802-ART
28,Meza Banguera Gladys Alicia,MARTES,6,3,2,10:55,11:40,CLASE,0901,CAS,,,,,0901-CAS
25,Lemos Guancha Miriam,MARTES,6,3,2,10:55,11:40,CLASE,0902,CNA,,,,,0902-CNA
22,González Castillo Jólmer Jimy,MARTES,6,3,2,10:55,11:40,CLASE,1001,ERD,,,,,1001-ERD
3,Arboleda Ortiz Luz América,MARTES,6,3,2,10:55,11:40,CLASE,1101,ART,,,,,1101-ART
53,Villota Rubio Héctor Hugo,MARTES,6,3,2,10:55,11:40,CLASE,1102,CNA,,,,,1102-CNA
20,García Gobea Saydi Magali,MARTES,6,3,2,10:55,11:40,CLASE,CS101,CSI,,,,Sociales / Inglés (alternan cada semana),CS101-CSI
4,Arizala Castro Roberto Carlos,MARTES,6,3,2,10:55,11:40,CLASE,CS102,ERD,,,,,CS102-ERD
51,Valverde Montaño María Teresa,MARTES,6,3,2,10:55,11:40,CLASE,CS201,CAS,,,,,CS201-CAS
7,Casanova Casanova Johana Andrea,MARTES,6,3,2,10:55,11:40,ORIENTACION,ORIENT,ORIENTACIÓN ESCOLAR,,,,Jornada 07:30 a 14:30,
36,Ponce Moncayo Ángela Paola,MARTES,6,3,2,10:55,11:40,ORIENTACION,ORIENT,ORIENTACIÓN ESCOLAR,,,,Jornada 08:30 a 13:30,
56,Ortiz Estacio Martha Cecilia,MARTES,6,3,2,10:55,11:40,TUTORIA,PTAFI,TUTORÍA PTAFI,,,,Jornada 06:30 a 12:00,
19,Fernández Vélez Alfredo Enrique,MARTES,6,3,2,10:55,11:40,ENFASIS,,TEI,0704,0704,Preciado Torres Oleisa (MAT),PAREJA: comparten el énfasis y alternan por semana,ENFASIS-0704
38,Preciado Torres Oleisa,MARTES,6,3,2,10:55,11:40,ENFASIS,,MAT,0704,0704,Fernández Vélez Alfredo Enrique (TEI),PAREJA: comparten el énfasis y alternan por semana,ENFASIS-0704
2,Angulo Lucero Andrés Mauricio,MARTES,6,3,2,10:55,11:40,ENFASIS,,TEI,D5-10°,1002,Pulgarín Ortiz César Marino (CSI); Montaño Arizala Leidis Claudina (ETR); Villota Rubio Janeth del Carmen (MAT),EQUIPO DE 4: cada docente atiende un grupo de estudiantes en su área,ENFASIS-D5-10°
31,Montaño Arizala Leidis Claudina,MARTES,6,3,2,10:55,11:40,ENFASIS,,ETR,D5-10°,1002,Pulgarín Ortiz César Marino (CSI); Villota Rubio Janeth del Carmen (MAT); Angulo Lucero Andrés Mauricio (TEI),EQUIPO DE 4: cada docente atiende un grupo de estudiantes en su área,ENFASIS-D5-10°
40,Pulgarín Ortiz César Marino,MARTES,6,3,2,10:55,11:40,ENFASIS,,CSI,D5-10°,1002,Montaño Arizala Leidis Claudina (ETR); Villota Rubio Janeth del Carmen (MAT); Angulo Lucero Andrés Mauricio (TEI),EQUIPO DE 4: cada docente atiende un grupo de estudiantes en su área,ENFASIS-D5-10°
54,Villota Rubio Janeth del Carmen,MARTES,6,3,2,10:55,11:40,ENFASIS,,MAT,D5-10°,1002,Pulgarín Ortiz César Marino (CSI); Montaño Arizala Leidis Claudina (ETR); Angulo Lucero Andrés Mauricio (TEI),EQUIPO DE 4: cada docente atiende un grupo de estudiantes en su área,ENFASIS-D5-10°
5,Bastidas Valencia Zeneida Judith,MARTES,6,3,2,10:55,11:40,ENFASIS,,MAT,CS202,CS202,Betancourth Ocampo Yohana Patricia (CSI); Estacio Estupiñán Rosario (ETR); Mindineros Satizábal John Jáver (TEI),EQUIPO DE 4: cada docente atiende un grupo de estudiantes en su área,ENFASIS-CS202
6,Betancourth Ocampo Yohana Patricia,MARTES,6,3,2,10:55,11:40,ENFASIS,,CSI,CS202,CS202,Estacio Estupiñán Rosario (ETR); Bastidas Valencia Zeneida Judith (MAT); Mindineros Satizábal John Jáver (TEI),EQUIPO DE 4: cada docente atiende un grupo de estudiantes en su área,ENFASIS-CS202
18,Estacio Estupiñán Rosario,MARTES,6,3,2,10:55,11:40,ENFASIS,,ETR,CS202,CS202,Betancourth Ocampo Yohana Patricia (CSI); Bastidas Valencia Zeneida Judith (MAT); Mindineros Satizábal John Jáver (TEI),EQUIPO DE 4: cada docente atiende un grupo de estudiantes en su área,ENFASIS-CS202
29,Mindineros Satizábal John Jáver,MARTES,6,3,2,10:55,11:40,ENFASIS,,TEI,CS202,CS202,Betancourth Ocampo Yohana Patricia (CSI); Estacio Estupiñán Rosario (ETR); Bastidas Valencia Zeneida Judith (MAT),EQUIPO DE 4: cada docente atiende un grupo de estudiantes en su área,ENFASIS-CS202
41,Quintero Ramírez María del Carmen,MARTES,7,4,1,12:00,12:45,CLASE,0701,CSI,,,,Sociales / Inglés (alternan cada semana),0701-CSI
52,Vásquez Valencia Segundo Leoncio,MARTES,7,4,1,12:00,12:45,CLASE,0702,MAT,,,,,0702-MAT
8,Casanova Quiñones Yoli del Carmen,MARTES,7,4,1,12:00,12:45,CLASE,0703,ETR,,,,Ética / Religión (alternan cada semana),0703-ETI
1,Aguirre Riascos Jorge Andrés,MARTES,7,4,1,12:00,12:45,CLASE,0704,TEI,,,,,0704-TEI
12,Chillambo Quiñones María Rocío,MARTES,7,4,1,12:00,12:45,CLASE,0801,CNA,,,,,0801-CNA
51,Valverde Montaño María Teresa,MARTES,7,4,1,12:00,12:45,CLASE,0802,CAS,,,,,0802-CAS
18,Estacio Estupiñán Rosario,MARTES,7,4,1,12:00,12:45,CLASE,0902,ETR,,,,Ética / Religión (alternan cada semana),0902-ETR
40,Pulgarín Ortiz César Marino,MARTES,7,4,1,12:00,12:45,CLASE,1002,CSI,,,,Sociales / Inglés (alternan cada semana),1002-CSI
54,Villota Rubio Janeth del Carmen,MARTES,7,4,1,12:00,12:45,CLASE,1101,MAT,,,,,1101-MAT
2,Angulo Lucero Andrés Mauricio,MARTES,7,4,1,12:00,12:45,CLASE,1102,TEI,,,,,1102-TEI
37,Prado Quiñones Genís Maribel,MARTES,7,4,1,12:00,12:45,CLASE,CS101,ART,,,,,CS101-ART
4,Arizala Castro Roberto Carlos,MARTES,7,4,1,12:00,12:45,CLASE,CS102,CNA,,,,,CS102-CNA
38,Preciado Torres Oleisa,MARTES,7,4,1,12:00,12:45,CLASE,CS201,MAT,,,,,CS201-MAT
9,Castillo Angulo Martha Cecilia,MARTES,7,4,1,12:00,12:45,CLASE,CS202,ETR,,,,Ética / Religión (alternan cada semana),CS202-ETR
7,Casanova Casanova Johana Andrea,MARTES,7,4,1,12:00,12:45,ORIENTACION,ORIENT,ORIENTACIÓN ESCOLAR,,,,Jornada 07:30 a 14:30,
36,Ponce Moncayo Ángela Paola,MARTES,7,4,1,12:00,12:45,ORIENTACION,ORIENT,ORIENTACIÓN ESCOLAR,,,,Jornada 08:30 a 13:30,
10,Castillo Cuero Daira Eneida,MARTES,7,4,1,12:00,12:45,ENFASIS,,CAS,0601,0601,Puches Ana Milena (ART),PAREJA: comparten el énfasis y alternan por semana,ENFASIS-0601
39,Puches Ana Milena,MARTES,7,4,1,12:00,12:45,ENFASIS,,ART,0601,0601,Castillo Cuero Daira Eneida (CAS),PAREJA: comparten el énfasis y alternan por semana,ENFASIS-0601
34,Ordóñez Tenorio Jaime Marcial,MARTES,7,4,1,12:00,12:45,ENFASIS,,CNA,0602,0602,Armero Dájome Jesús (ERD),PAREJA: comparten el énfasis y alternan por semana,ENFASIS-0602
57,Armero Dájome Jesús,MARTES,7,4,1,12:00,12:45,ENFASIS,,ERD,0602,0602,Ordóñez Tenorio Jaime Marcial (CNA),PAREJA: comparten el énfasis y alternan por semana,ENFASIS-0602
22,González Castillo Jólmer Jimy,MARTES,7,4,1,12:00,12:45,ENFASIS,,ERD,0901,0901,Valencia Marínez Saidy Eufemia (ART); Meza Banguera Gladys Alicia (CAS); Lemos Guancha Miriam (CNA),EQUIPO DE 4: cada docente atiende un grupo de estudiantes en su área,ENFASIS-0901
25,Lemos Guancha Miriam,MARTES,7,4,1,12:00,12:45,ENFASIS,,CNA,0901,0901,Valencia Marínez Saidy Eufemia (ART); Meza Banguera Gladys Alicia (CAS); González Castillo Jólmer Jimy (ERD),EQUIPO DE 4: cada docente atiende un grupo de estudiantes en su área,ENFASIS-0901
28,Meza Banguera Gladys Alicia,MARTES,7,4,1,12:00,12:45,ENFASIS,,CAS,0901,0901,Valencia Marínez Saidy Eufemia (ART); González Castillo Jólmer Jimy (ERD); Lemos Guancha Miriam (CNA),EQUIPO DE 4: cada docente atiende un grupo de estudiantes en su área,ENFASIS-0901
49,Valencia Marínez Saidy Eufemia,MARTES,7,4,1,12:00,12:45,ENFASIS,,ART,0901,0901,Meza Banguera Gladys Alicia (CAS); González Castillo Jólmer Jimy (ERD); Lemos Guancha Miriam (CNA),EQUIPO DE 4: cada docente atiende un grupo de estudiantes en su área,ENFASIS-0901
3,Arboleda Ortiz Luz América,MARTES,7,4,1,12:00,12:45,ENFASIS,,ART,D5-10°,1001,Montaño Anchico Favio Héctor (CAS); Ramírez Guerra Jimmy Eduardo (ERD); Villota Rubio Héctor Hugo (CNA),EQUIPO DE 4: cada docente atiende un grupo de estudiantes en su área,ENFASIS-D5-10°
30,Montaño Anchico Favio Héctor,MARTES,7,4,1,12:00,12:45,ENFASIS,,CAS,D5-10°,1001,Arboleda Ortiz Luz América (ART); Ramírez Guerra Jimmy Eduardo (ERD); Villota Rubio Héctor Hugo (CNA),EQUIPO DE 4: cada docente atiende un grupo de estudiantes en su área,ENFASIS-D5-10°
43,Ramírez Guerra Jimmy Eduardo,MARTES,7,4,1,12:00,12:45,ENFASIS,,ERD,D5-10°,1001,Arboleda Ortiz Luz América (ART); Montaño Anchico Favio Héctor (CAS); Villota Rubio Héctor Hugo (CNA),EQUIPO DE 4: cada docente atiende un grupo de estudiantes en su área,ENFASIS-D5-10°
53,Villota Rubio Héctor Hugo,MARTES,7,4,1,12:00,12:45,ENFASIS,,CNA,D5-10°,1001,Arboleda Ortiz Luz América (ART); Montaño Anchico Favio Héctor (CAS); Ramírez Guerra Jimmy Eduardo (ERD),EQUIPO DE 4: cada docente atiende un grupo de estudiantes en su área,ENFASIS-D5-10°
41,Quintero Ramírez María del Carmen,MARTES,8,4,2,12:45,13:30,CLASE,0701,CSI,,,,Sociales / Inglés (alternan cada semana),0701-CSI
52,Vásquez Valencia Segundo Leoncio,MARTES,8,4,2,12:45,13:30,CLASE,0702,MAT,,,,,0702-MAT
8,Casanova Quiñones Yoli del Carmen,MARTES,8,4,2,12:45,13:30,CLASE,0703,ETR,,,,Ética / Religión (alternan cada semana),0703-ETI
1,Aguirre Riascos Jorge Andrés,MARTES,8,4,2,12:45,13:30,CLASE,0704,TEI,,,,,0704-TEI
12,Chillambo Quiñones María Rocío,MARTES,8,4,2,12:45,13:30,CLASE,0801,CNA,,,,,0801-CNA
51,Valverde Montaño María Teresa,MARTES,8,4,2,12:45,13:30,CLASE,0802,CAS,,,,,0802-CAS
18,Estacio Estupiñán Rosario,MARTES,8,4,2,12:45,13:30,CLASE,0902,ETR,,,,Ética / Religión (alternan cada semana),0902-ETR
40,Pulgarín Ortiz César Marino,MARTES,8,4,2,12:45,13:30,CLASE,1002,CSI,,,,Sociales / Inglés (alternan cada semana),1002-CSI
54,Villota Rubio Janeth del Carmen,MARTES,8,4,2,12:45,13:30,CLASE,1101,MAT,,,,,1101-MAT
2,Angulo Lucero Andrés Mauricio,MARTES,8,4,2,12:45,13:30,CLASE,1102,TEI,,,,,1102-TEI
37,Prado Quiñones Genís Maribel,MARTES,8,4,2,12:45,13:30,CLASE,CS101,ART,,,,,CS101-ART
4,Arizala Castro Roberto Carlos,MARTES,8,4,2,12:45,13:30,CLASE,CS102,CNA,,,,,CS102-CNA
38,Preciado Torres Oleisa,MARTES,8,4,2,12:45,13:30,CLASE,CS201,MAT,,,,,CS201-MAT
9,Castillo Angulo Martha Cecilia,MARTES,8,4,2,12:45,13:30,CLASE,CS202,ETR,,,,Ética / Religión (alternan cada semana),CS202-ETR
7,Casanova Casanova Johana Andrea,MARTES,8,4,2,12:45,13:30,ORIENTACION,ORIENT,ORIENTACIÓN ESCOLAR,,,,Jornada 07:30 a 14:30,
36,Ponce Moncayo Ángela Paola,MARTES,8,4,2,12:45,13:30,ORIENTACION,ORIENT,ORIENTACIÓN ESCOLAR,,,,Jornada 08:30 a 13:30,
10,Castillo Cuero Daira Eneida,MARTES,8,4,2,12:45,13:30,ENFASIS,,CAS,0601,0601,Puches Ana Milena (ART),PAREJA: comparten el énfasis y alternan por semana,ENFASIS-0601
39,Puches Ana Milena,MARTES,8,4,2,12:45,13:30,ENFASIS,,ART,0601,0601,Castillo Cuero Daira Eneida (CAS),PAREJA: comparten el énfasis y alternan por semana,ENFASIS-0601
34,Ordóñez Tenorio Jaime Marcial,MARTES,8,4,2,12:45,13:30,ENFASIS,,CNA,0602,0602,Armero Dájome Jesús (ERD),PAREJA: comparten el énfasis y alternan por semana,ENFASIS-0602
57,Armero Dájome Jesús,MARTES,8,4,2,12:45,13:30,ENFASIS,,ERD,0602,0602,Ordóñez Tenorio Jaime Marcial (CNA),PAREJA: comparten el énfasis y alternan por semana,ENFASIS-0602
22,González Castillo Jólmer Jimy,MARTES,8,4,2,12:45,13:30,ENFASIS,,ERD,0901,0901,Valencia Marínez Saidy Eufemia (ART); Meza Banguera Gladys Alicia (CAS); Lemos Guancha Miriam (CNA),EQUIPO DE 4: cada docente atiende un grupo de estudiantes en su área,ENFASIS-0901
25,Lemos Guancha Miriam,MARTES,8,4,2,12:45,13:30,ENFASIS,,CNA,0901,0901,Valencia Marínez Saidy Eufemia (ART); Meza Banguera Gladys Alicia (CAS); González Castillo Jólmer Jimy (ERD),EQUIPO DE 4: cada docente atiende un grupo de estudiantes en su área,ENFASIS-0901
28,Meza Banguera Gladys Alicia,MARTES,8,4,2,12:45,13:30,ENFASIS,,CAS,0901,0901,Valencia Marínez Saidy Eufemia (ART); González Castillo Jólmer Jimy (ERD); Lemos Guancha Miriam (CNA),EQUIPO DE 4: cada docente atiende un grupo de estudiantes en su área,ENFASIS-0901
49,Valencia Marínez Saidy Eufemia,MARTES,8,4,2,12:45,13:30,ENFASIS,,ART,0901,0901,Meza Banguera Gladys Alicia (CAS); González Castillo Jólmer Jimy (ERD); Lemos Guancha Miriam (CNA),EQUIPO DE 4: cada docente atiende un grupo de estudiantes en su área,ENFASIS-0901
3,Arboleda Ortiz Luz América,MARTES,8,4,2,12:45,13:30,ENFASIS,,ART,D5-10°,1001,Montaño Anchico Favio Héctor (CAS); Ramírez Guerra Jimmy Eduardo (ERD); Villota Rubio Héctor Hugo (CNA),EQUIPO DE 4: cada docente atiende un grupo de estudiantes en su área,ENFASIS-D5-10°
30,Montaño Anchico Favio Héctor,MARTES,8,4,2,12:45,13:30,ENFASIS,,CAS,D5-10°,1001,Arboleda Ortiz Luz América (ART); Ramírez Guerra Jimmy Eduardo (ERD); Villota Rubio Héctor Hugo (CNA),EQUIPO DE 4: cada docente atiende un grupo de estudiantes en su área,ENFASIS-D5-10°
43,Ramírez Guerra Jimmy Eduardo,MARTES,8,4,2,12:45,13:30,ENFASIS,,ERD,D5-10°,1001,Arboleda Ortiz Luz América (ART); Montaño Anchico Favio Héctor (CAS); Villota Rubio Héctor Hugo (CNA),EQUIPO DE 4: cada docente atiende un grupo de estudiantes en su área,ENFASIS-D5-10°
53,Villota Rubio Héctor Hugo,MARTES,8,4,2,12:45,13:30,ENFASIS,,CNA,D5-10°,1001,Arboleda Ortiz Luz América (ART); Montaño Anchico Favio Héctor (CAS); Ramírez Guerra Jimmy Eduardo (ERD),EQUIPO DE 4: cada docente atiende un grupo de estudiantes en su área,ENFASIS-D5-10°
23,Landázuri Quiñones María Elia,MIERCOLES,1,1,1,06:30,07:15,AREAS_MULTIPLES,0101,ÁREAS MÚLTIPLES,,,,Maestro de aula: todas las áreas con su grupo,
45,Sinisterra Ana Lucía,MIERCOLES,1,1,1,06:30,07:15,AREAS_MULTIPLES,0102,ÁREAS MÚLTIPLES,,,,Maestro de aula: todas las áreas con su grupo,
13,Cortés Salazar María Ebelice,MIERCOLES,1,1,1,06:30,07:15,AREAS_MULTIPLES,0201,ÁREAS MÚLTIPLES,,,,Maestro de aula: todas las áreas con su grupo,
21,Garzón Quiñones Sixta Janina,MIERCOLES,1,1,1,06:30,07:15,AREAS_MULTIPLES,0202,ÁREAS MÚLTIPLES,,,,Maestro de aula: todas las áreas con su grupo,
46,Tenorio Cuero Lucy Bivian,MIERCOLES,1,1,1,06:30,07:15,AREAS_MULTIPLES,0203,ÁREAS MÚLTIPLES,,,,Maestro de aula: todas las áreas con su grupo,
48,Torres Segura Encarnación,MIERCOLES,1,1,1,06:30,07:15,AREAS_MULTIPLES,0301,ÁREAS MÚLTIPLES,,,,Maestro de aula: todas las áreas con su grupo,
24,Landázuri Gallón Teresa,MIERCOLES,1,1,1,06:30,07:15,AREAS_MULTIPLES,0302,ÁREAS MÚLTIPLES,,,,Maestro de aula: todas las áreas con su grupo,
55,Zamora Ordóñez Celia Pastora,MIERCOLES,1,1,1,06:30,07:15,AREAS_MULTIPLES,0401,ÁREAS MÚLTIPLES,,,,Maestro de aula: todas las áreas con su grupo,
33,Núñez Perlaza Elcy,MIERCOLES,1,1,1,06:30,07:15,AREAS_MULTIPLES,0402,ÁREAS MÚLTIPLES,,,,Maestro de aula: todas las áreas con su grupo,
14,Cuéllar Gallo Nemesia,MIERCOLES,1,1,1,06:30,07:15,AREAS_MULTIPLES,0501,ÁREAS MÚLTIPLES,,,,Maestro de aula: todas las áreas con su grupo,
11,Centeno Zúñiga Claudia Patricia,MIERCOLES,1,1,1,06:30,07:15,AREAS_MULTIPLES,0502,ÁREAS MÚLTIPLES,,,,Maestro de aula: todas las áreas con su grupo,
32,Narváez Sánchez Dora Alejandra,MIERCOLES,1,1,1,06:30,07:15,AREAS_MULTIPLES,0503,ÁREAS MÚLTIPLES,,,,Maestro de aula: todas las áreas con su grupo,
17,Escobar Cortés Liliana,MIERCOLES,1,1,1,06:30,07:15,AREAS_MULTIPLES,0504,ÁREAS MÚLTIPLES,,,,Maestro de aula: todas las áreas con su grupo,
37,Prado Quiñones Genís Maribel,MIERCOLES,1,1,1,06:30,07:15,CLASE,0601,ART,,,,,0601-ART
4,Arizala Castro Roberto Carlos,MIERCOLES,1,1,1,06:30,07:15,CLASE,0602,ERD,,,,,0602-ERD
34,Ordóñez Tenorio Jaime Marcial,MIERCOLES,1,1,1,06:30,07:15,CLASE,0704,CNA,,,,,0704-CNA
51,Valverde Montaño María Teresa,MIERCOLES,1,1,1,06:30,07:15,CLASE,0801,CAS,,,,,0801-CAS
19,Fernández Vélez Alfredo Enrique,MIERCOLES,1,1,1,06:30,07:15,CLASE,0802,TEI,,,,,0802-TEI
5,Bastidas Valencia Zeneida Judith,MIERCOLES,1,1,1,06:30,07:15,CLASE,0901,MAT,,,,,0901-MAT
28,Meza Banguera Gladys Alicia,MIERCOLES,1,1,1,06:30,07:15,CLASE,0902,CAS,,,,,0902-CAS
22,González Castillo Jólmer Jimy,MIERCOLES,1,1,1,06:30,07:15,CLASE,1001,ERD,,,,,1001-ERD
53,Villota Rubio Héctor Hugo,MIERCOLES,1,1,1,06:30,07:15,CLASE,1002,CNA,,,,,1002-CNA
31,Montaño Arizala Leidis Claudina,MIERCOLES,1,1,1,06:30,07:15,CLASE,1101,ETR,,,,Ética / Religión (alternan cada semana),1101-ETR
3,Arboleda Ortiz Luz América,MIERCOLES,1,1,1,06:30,07:15,CLASE,1102,ART,,,,,1102-ART
44,Samaniego Angulo Flor Mireya,MIERCOLES,1,1,1,06:30,07:15,CLASE,CS201,ART,,,,,CS201-ART
35,Ortiz Araujo Adiela Carlota,MIERCOLES,1,1,1,06:30,07:15,CLASE,CS202,CSI,,,,Sociales / Inglés (alternan cada semana),CS202-CSI
56,Ortiz Estacio Martha Cecilia,MIERCOLES,1,1,1,06:30,07:15,TUTORIA,PTAFI,TUTORÍA PTAFI,,,,Jornada 06:30 a 12:00,
10,Castillo Cuero Daira Eneida,MIERCOLES,1,1,1,06:30,07:15,ENFASIS,,CAS,0701,0701,Puches Ana Milena (ART),PAREJA: comparten el énfasis y alternan por semana,ENFASIS-0701
39,Puches Ana Milena,MIERCOLES,1,1,1,06:30,07:15,ENFASIS,,ART,0701,0701,Castillo Cuero Daira Eneida (CAS),PAREJA: comparten el énfasis y alternan por semana,ENFASIS-0701
12,Chillambo Quiñones María Rocío,MIERCOLES,1,1,1,06:30,07:15,ENFASIS,,CNA,0702,0702,Cuero Bamba Berte Levi (ERD),PAREJA: comparten el énfasis y alternan por semana,ENFASIS-0702
15,Cuero Bamba Berte Levi,MIERCOLES,1,1,1,06:30,07:15,ENFASIS,,ERD,0702,0702,Chillambo Quiñones María Rocío (CNA),PAREJA: comparten el énfasis y alternan por semana,ENFASIS-0702
8,Casanova Quiñones Yoli del Carmen,MIERCOLES,1,1,1,06:30,07:15,ENFASIS,,ETR,0703,0703,Quintero Ramírez María del Carmen (CSI),PAREJA: comparten el énfasis y alternan por semana,ENFASIS-0703
41,Quintero Ramírez María del Carmen,MIERCOLES,1,1,1,06:30,07:15,ENFASIS,,CSI,0703,0703,Casanova Quiñones Yoli del Carmen (ETR),PAREJA: comparten el énfasis y alternan por semana,ENFASIS-0703
20,García Gobea Saydi Magali,MIERCOLES,1,1,1,06:30,07:15,ENFASIS,,CSI,CS101,CS101,Lozano Torres Amanda Inés (ETR),PAREJA: comparten el énfasis y alternan por semana,ENFASIS-CS101
26,Lozano Torres Amanda Inés,MIERCOLES,1,1,1,06:30,07:15,ENFASIS,,ETR,CS101,CS101,García Gobea Saydi Magali (CSI),PAREJA: comparten el énfasis y alternan por semana,ENFASIS-CS101
1,Aguirre Riascos Jorge Andrés,MIERCOLES,1,1,1,06:30,07:15,ENFASIS,,TEI,CS102,CS102,Vásquez Valencia Segundo Leoncio (MAT),PAREJA: comparten el énfasis y alternan por semana,ENFASIS-CS102
52,Vásquez Valencia Segundo Leoncio,MIERCOLES,1,1,1,06:30,07:15,ENFASIS,,MAT,CS102,CS102,Aguirre Riascos Jorge Andrés (TEI),PAREJA: comparten el énfasis y alternan por semana,ENFASIS-CS102
50,Valencia Solís Gloria Alexa,MIERCOLES,2,1,2,07:15,08:00,AREAS_MULTIPLES,0001,ÁREAS MÚLTIPLES,,,,Maestro de aula: todas las áreas con su grupo,
27,Martínez Álvarez Andrea Ascención,MIERCOLES,2,1,2,07:15,08:00,AREAS_MULTIPLES,0002,ÁREAS MÚLTIPLES,,,,Maestro de aula: todas las áreas con su grupo,
23,Landázuri Quiñones María Elia,MIERCOLES,2,1,2,07:15,08:00,AREAS_MULTIPLES,0101,ÁREAS MÚLTIPLES,,,,Maestro de aula: todas las áreas con su grupo,
45,Sinisterra Ana Lucía,MIERCOLES,2,1,2,07:15,08:00,AREAS_MULTIPLES,0102,ÁREAS MÚLTIPLES,,,,Maestro de aula: todas las áreas con su grupo,
13,Cortés Salazar María Ebelice,MIERCOLES,2,1,2,07:15,08:00,AREAS_MULTIPLES,0201,ÁREAS MÚLTIPLES,,,,Maestro de aula: todas las áreas con su grupo,
21,Garzón Quiñones Sixta Janina,MIERCOLES,2,1,2,07:15,08:00,AREAS_MULTIPLES,0202,ÁREAS MÚLTIPLES,,,,Maestro de aula: todas las áreas con su grupo,
46,Tenorio Cuero Lucy Bivian,MIERCOLES,2,1,2,07:15,08:00,AREAS_MULTIPLES,0203,ÁREAS MÚLTIPLES,,,,Maestro de aula: todas las áreas con su grupo,
48,Torres Segura Encarnación,MIERCOLES,2,1,2,07:15,08:00,AREAS_MULTIPLES,0301,ÁREAS MÚLTIPLES,,,,Maestro de aula: todas las áreas con su grupo,
24,Landázuri Gallón Teresa,MIERCOLES,2,1,2,07:15,08:00,AREAS_MULTIPLES,0302,ÁREAS MÚLTIPLES,,,,Maestro de aula: todas las áreas con su grupo,
55,Zamora Ordóñez Celia Pastora,MIERCOLES,2,1,2,07:15,08:00,AREAS_MULTIPLES,0401,ÁREAS MÚLTIPLES,,,,Maestro de aula: todas las áreas con su grupo,
33,Núñez Perlaza Elcy,MIERCOLES,2,1,2,07:15,08:00,AREAS_MULTIPLES,0402,ÁREAS MÚLTIPLES,,,,Maestro de aula: todas las áreas con su grupo,
14,Cuéllar Gallo Nemesia,MIERCOLES,2,1,2,07:15,08:00,AREAS_MULTIPLES,0501,ÁREAS MÚLTIPLES,,,,Maestro de aula: todas las áreas con su grupo,
11,Centeno Zúñiga Claudia Patricia,MIERCOLES,2,1,2,07:15,08:00,AREAS_MULTIPLES,0502,ÁREAS MÚLTIPLES,,,,Maestro de aula: todas las áreas con su grupo,
32,Narváez Sánchez Dora Alejandra,MIERCOLES,2,1,2,07:15,08:00,AREAS_MULTIPLES,0503,ÁREAS MÚLTIPLES,,,,Maestro de aula: todas las áreas con su grupo,
17,Escobar Cortés Liliana,MIERCOLES,2,1,2,07:15,08:00,AREAS_MULTIPLES,0504,ÁREAS MÚLTIPLES,,,,Maestro de aula: todas las áreas con su grupo,
37,Prado Quiñones Genís Maribel,MIERCOLES,2,1,2,07:15,08:00,CLASE,0601,ART,,,,,0601-ART
4,Arizala Castro Roberto Carlos,MIERCOLES,2,1,2,07:15,08:00,CLASE,0602,ERD,,,,,0602-ERD
34,Ordóñez Tenorio Jaime Marcial,MIERCOLES,2,1,2,07:15,08:00,CLASE,0704,CNA,,,,,0704-CNA
51,Valverde Montaño María Teresa,MIERCOLES,2,1,2,07:15,08:00,CLASE,0801,CAS,,,,,0801-CAS
19,Fernández Vélez Alfredo Enrique,MIERCOLES,2,1,2,07:15,08:00,CLASE,0802,TEI,,,,,0802-TEI
5,Bastidas Valencia Zeneida Judith,MIERCOLES,2,1,2,07:15,08:00,CLASE,0901,MAT,,,,,0901-MAT
28,Meza Banguera Gladys Alicia,MIERCOLES,2,1,2,07:15,08:00,CLASE,0902,CAS,,,,,0902-CAS
22,González Castillo Jólmer Jimy,MIERCOLES,2,1,2,07:15,08:00,CLASE,1001,ERD,,,,,1001-ERD
53,Villota Rubio Héctor Hugo,MIERCOLES,2,1,2,07:15,08:00,CLASE,1002,CNA,,,,,1002-CNA
31,Montaño Arizala Leidis Claudina,MIERCOLES,2,1,2,07:15,08:00,CLASE,1101,ETR,,,,Ética / Religión (alternan cada semana),1101-ETR
3,Arboleda Ortiz Luz América,MIERCOLES,2,1,2,07:15,08:00,CLASE,1102,ART,,,,,1102-ART
44,Samaniego Angulo Flor Mireya,MIERCOLES,2,1,2,07:15,08:00,CLASE,CS201,ART,,,,,CS201-ART
35,Ortiz Araujo Adiela Carlota,MIERCOLES,2,1,2,07:15,08:00,CLASE,CS202,CSI,,,,Sociales / Inglés (alternan cada semana),CS202-CSI
7,Casanova Casanova Johana Andrea,MIERCOLES,2,1,2,07:15,08:00,ORIENTACION,ORIENT,ORIENTACIÓN ESCOLAR,,,,Jornada 07:30 a 14:30,
56,Ortiz Estacio Martha Cecilia,MIERCOLES,2,1,2,07:15,08:00,TUTORIA,PTAFI,TUTORÍA PTAFI,,,,Jornada 06:30 a 12:00,
10,Castillo Cuero Daira Eneida,MIERCOLES,2,1,2,07:15,08:00,ENFASIS,,CAS,0701,0701,Puches Ana Milena (ART),PAREJA: comparten el énfasis y alternan por semana,ENFASIS-0701
39,Puches Ana Milena,MIERCOLES,2,1,2,07:15,08:00,ENFASIS,,ART,0701,0701,Castillo Cuero Daira Eneida (CAS),PAREJA: comparten el énfasis y alternan por semana,ENFASIS-0701
12,Chillambo Quiñones María Rocío,MIERCOLES,2,1,2,07:15,08:00,ENFASIS,,CNA,0702,0702,Cuero Bamba Berte Levi (ERD),PAREJA: comparten el énfasis y alternan por semana,ENFASIS-0702
15,Cuero Bamba Berte Levi,MIERCOLES,2,1,2,07:15,08:00,ENFASIS,,ERD,0702,0702,Chillambo Quiñones María Rocío (CNA),PAREJA: comparten el énfasis y alternan por semana,ENFASIS-0702
8,Casanova Quiñones Yoli del Carmen,MIERCOLES,2,1,2,07:15,08:00,ENFASIS,,ETR,0703,0703,Quintero Ramírez María del Carmen (CSI),PAREJA: comparten el énfasis y alternan por semana,ENFASIS-0703
41,Quintero Ramírez María del Carmen,MIERCOLES,2,1,2,07:15,08:00,ENFASIS,,CSI,0703,0703,Casanova Quiñones Yoli del Carmen (ETR),PAREJA: comparten el énfasis y alternan por semana,ENFASIS-0703
20,García Gobea Saydi Magali,MIERCOLES,2,1,2,07:15,08:00,ENFASIS,,CSI,CS101,CS101,Lozano Torres Amanda Inés (ETR),PAREJA: comparten el énfasis y alternan por semana,ENFASIS-CS101
26,Lozano Torres Amanda Inés,MIERCOLES,2,1,2,07:15,08:00,ENFASIS,,ETR,CS101,CS101,García Gobea Saydi Magali (CSI),PAREJA: comparten el énfasis y alternan por semana,ENFASIS-CS101
1,Aguirre Riascos Jorge Andrés,MIERCOLES,2,1,2,07:15,08:00,ENFASIS,,TEI,CS102,CS102,Vásquez Valencia Segundo Leoncio (MAT),PAREJA: comparten el énfasis y alternan por semana,ENFASIS-CS102
52,Vásquez Valencia Segundo Leoncio,MIERCOLES,2,1,2,07:15,08:00,ENFASIS,,MAT,CS102,CS102,Aguirre Riascos Jorge Andrés (TEI),PAREJA: comparten el énfasis y alternan por semana,ENFASIS-CS102
50,Valencia Solís Gloria Alexa,MIERCOLES,3,2,1,08:20,09:05,AREAS_MULTIPLES,0001,ÁREAS MÚLTIPLES,,,,Maestro de aula: todas las áreas con su grupo,
27,Martínez Álvarez Andrea Ascención,MIERCOLES,3,2,1,08:20,09:05,AREAS_MULTIPLES,0002,ÁREAS MÚLTIPLES,,,,Maestro de aula: todas las áreas con su grupo,
23,Landázuri Quiñones María Elia,MIERCOLES,3,2,1,08:20,09:05,AREAS_MULTIPLES,0101,ÁREAS MÚLTIPLES,,,,Maestro de aula: todas las áreas con su grupo,
45,Sinisterra Ana Lucía,MIERCOLES,3,2,1,08:20,09:05,AREAS_MULTIPLES,0102,ÁREAS MÚLTIPLES,,,,Maestro de aula: todas las áreas con su grupo,
13,Cortés Salazar María Ebelice,MIERCOLES,3,2,1,08:20,09:05,AREAS_MULTIPLES,0201,ÁREAS MÚLTIPLES,,,,Maestro de aula: todas las áreas con su grupo,
21,Garzón Quiñones Sixta Janina,MIERCOLES,3,2,1,08:20,09:05,AREAS_MULTIPLES,0202,ÁREAS MÚLTIPLES,,,,Maestro de aula: todas las áreas con su grupo,
46,Tenorio Cuero Lucy Bivian,MIERCOLES,3,2,1,08:20,09:05,AREAS_MULTIPLES,0203,ÁREAS MÚLTIPLES,,,,Maestro de aula: todas las áreas con su grupo,
48,Torres Segura Encarnación,MIERCOLES,3,2,1,08:20,09:05,AREAS_MULTIPLES,0301,ÁREAS MÚLTIPLES,,,,Maestro de aula: todas las áreas con su grupo,
24,Landázuri Gallón Teresa,MIERCOLES,3,2,1,08:20,09:05,AREAS_MULTIPLES,0302,ÁREAS MÚLTIPLES,,,,Maestro de aula: todas las áreas con su grupo,
55,Zamora Ordóñez Celia Pastora,MIERCOLES,3,2,1,08:20,09:05,AREAS_MULTIPLES,0401,ÁREAS MÚLTIPLES,,,,Maestro de aula: todas las áreas con su grupo,
33,Núñez Perlaza Elcy,MIERCOLES,3,2,1,08:20,09:05,AREAS_MULTIPLES,0402,ÁREAS MÚLTIPLES,,,,Maestro de aula: todas las áreas con su grupo,
14,Cuéllar Gallo Nemesia,MIERCOLES,3,2,1,08:20,09:05,AREAS_MULTIPLES,0501,ÁREAS MÚLTIPLES,,,,Maestro de aula: todas las áreas con su grupo,
11,Centeno Zúñiga Claudia Patricia,MIERCOLES,3,2,1,08:20,09:05,AREAS_MULTIPLES,0502,ÁREAS MÚLTIPLES,,,,Maestro de aula: todas las áreas con su grupo,
32,Narváez Sánchez Dora Alejandra,MIERCOLES,3,2,1,08:20,09:05,AREAS_MULTIPLES,0503,ÁREAS MÚLTIPLES,,,,Maestro de aula: todas las áreas con su grupo,
17,Escobar Cortés Liliana,MIERCOLES,3,2,1,08:20,09:05,AREAS_MULTIPLES,0504,ÁREAS MÚLTIPLES,,,,Maestro de aula: todas las áreas con su grupo,
16,Cuero Rincón Hernando Jesús,MIERCOLES,3,2,1,08:20,09:05,CLASE,0601,CAS,,,,,0601-CAS
37,Prado Quiñones Genís Maribel,MIERCOLES,3,2,1,08:20,09:05,CLASE,0602,ART,,,,,0602-ART
10,Castillo Cuero Daira Eneida,MIERCOLES,3,2,1,08:20,09:05,CLASE,0701,CAS,,,,,0701-CAS
39,Puches Ana Milena,MIERCOLES,3,2,1,08:20,09:05,CLASE,0702,ART,,,,,0702-ART
34,Ordóñez Tenorio Jaime Marcial,MIERCOLES,3,2,1,08:20,09:05,CLASE,0703,CNA,,,,,0703-CNA
57,Armero Dájome Jesús,MIERCOLES,3,2,1,08:20,09:05,CLASE,0704,ERD,,,,,0704-ERD
35,Ortiz Araujo Adiela Carlota,MIERCOLES,3,2,1,08:20,09:05,CLASE,0802,CSI,,,,Sociales / Inglés (alternan cada semana),0802-CSI
49,Valencia Marínez Saidy Eufemia,MIERCOLES,3,2,1,08:20,09:05,CLASE,0901,ART,,,,,0901-ART
22,González Castillo Jólmer Jimy,MIERCOLES,3,2,1,08:20,09:05,CLASE,0902,ERD,,,,,0902-ERD
28,Meza Banguera Gladys Alicia,MIERCOLES,3,2,1,08:20,09:05,CLASE,1001,CAS,,,,,1001-CAS
30,Montaño Anchico Favio Héctor,MIERCOLES,3,2,1,08:20,09:05,CLASE,1002,CAS,,,,,1002-CAS
3,Arboleda Ortiz Luz América,MIERCOLES,3,2,1,08:20,09:05,CLASE,1101,ART,,,,,1101-ART
4,Arizala Castro Roberto Carlos,MIERCOLES,3,2,1,08:20,09:05,CLASE,CS101,CNA,,,,,CS101-CNA
20,García Gobea Saydi Magali,MIERCOLES,3,2,1,08:20,09:05,CLASE,CS102,CSI,,,,Sociales / Inglés (alternan cada semana),CS102-CSI
9,Castillo Angulo Martha Cecilia,MIERCOLES,3,2,1,08:20,09:05,CLASE,CS201,ETR,,,,Ética / Religión (alternan cada semana),CS201-ETR
7,Casanova Casanova Johana Andrea,MIERCOLES,3,2,1,08:20,09:05,ORIENTACION,ORIENT,ORIENTACIÓN ESCOLAR,,,,Jornada 07:30 a 14:30,
36,Ponce Moncayo Ángela Paola,MIERCOLES,3,2,1,08:20,09:05,ORIENTACION,ORIENT,ORIENTACIÓN ESCOLAR,,,,Jornada 08:30 a 13:30,
56,Ortiz Estacio Martha Cecilia,MIERCOLES,3,2,1,08:20,09:05,TUTORIA,PTAFI,TUTORÍA PTAFI,,,,Jornada 06:30 a 12:00,
12,Chillambo Quiñones María Rocío,MIERCOLES,3,2,1,08:20,09:05,ENFASIS,,CNA,0801,0801,Samaniego Angulo Flor Mireya (ART); Valverde Montaño María Teresa (CAS); Cuero Bamba Berte Levi (ERD),EQUIPO DE 4: cada docente atiende un grupo de estudiantes en su área,ENFASIS-0801
15,Cuero Bamba Berte Levi,MIERCOLES,3,2,1,08:20,09:05,ENFASIS,,ERD,0801,0801,Samaniego Angulo Flor Mireya (ART); Valverde Montaño María Teresa (CAS); Chillambo Quiñones María Rocío (CNA),EQUIPO DE 4: cada docente atiende un grupo de estudiantes en su área,ENFASIS-0801
44,Samaniego Angulo Flor Mireya,MIERCOLES,3,2,1,08:20,09:05,ENFASIS,,ART,0801,0801,Valverde Montaño María Teresa (CAS); Cuero Bamba Berte Levi (ERD); Chillambo Quiñones María Rocío (CNA),EQUIPO DE 4: cada docente atiende un grupo de estudiantes en su área,ENFASIS-0801
51,Valverde Montaño María Teresa,MIERCOLES,3,2,1,08:20,09:05,ENFASIS,,CAS,0801,0801,Samaniego Angulo Flor Mireya (ART); Cuero Bamba Berte Levi (ERD); Chillambo Quiñones María Rocío (CNA),EQUIPO DE 4: cada docente atiende un grupo de estudiantes en su área,ENFASIS-0801
2,Angulo Lucero Andrés Mauricio,MIERCOLES,3,2,1,08:20,09:05,ENFASIS,,TEI,D5-11°,1102,Pulgarín Ortiz César Marino (CSI); Montaño Arizala Leidis Claudina (ETR); Villota Rubio Janeth del Carmen (MAT),EQUIPO DE 4: cada docente atiende un grupo de estudiantes en su área,ENFASIS-D5-11°
31,Montaño Arizala Leidis Claudina,MIERCOLES,3,2,1,08:20,09:05,ENFASIS,,ETR,D5-11°,1102,Pulgarín Ortiz César Marino (CSI); Villota Rubio Janeth del Carmen (MAT); Angulo Lucero Andrés Mauricio (TEI),EQUIPO DE 4: cada docente atiende un grupo de estudiantes en su área,ENFASIS-D5-11°
40,Pulgarín Ortiz César Marino,MIERCOLES,3,2,1,08:20,09:05,ENFASIS,,CSI,D5-11°,1102,Montaño Arizala Leidis Claudina (ETR); Villota Rubio Janeth del Carmen (MAT); Angulo Lucero Andrés Mauricio (TEI),EQUIPO DE 4: cada docente atiende un grupo de estudiantes en su área,ENFASIS-D5-11°
54,Villota Rubio Janeth del Carmen,MIERCOLES,3,2,1,08:20,09:05,ENFASIS,,MAT,D5-11°,1102,Pulgarín Ortiz César Marino (CSI); Montaño Arizala Leidis Claudina (ETR); Angulo Lucero Andrés Mauricio (TEI),EQUIPO DE 4: cada docente atiende un grupo de estudiantes en su área,ENFASIS-D5-11°
5,Bastidas Valencia Zeneida Judith,MIERCOLES,3,2,1,08:20,09:05,ENFASIS,,MAT,CS202,CS202,Betancourth Ocampo Yohana Patricia (CSI); Estacio Estupiñán Rosario (ETR); Mindineros Satizábal John Jáver (TEI),EQUIPO DE 4: cada docente atiende un grupo de estudiantes en su área,ENFASIS-CS202
6,Betancourth Ocampo Yohana Patricia,MIERCOLES,3,2,1,08:20,09:05,ENFASIS,,CSI,CS202,CS202,Estacio Estupiñán Rosario (ETR); Bastidas Valencia Zeneida Judith (MAT); Mindineros Satizábal John Jáver (TEI),EQUIPO DE 4: cada docente atiende un grupo de estudiantes en su área,ENFASIS-CS202
18,Estacio Estupiñán Rosario,MIERCOLES,3,2,1,08:20,09:05,ENFASIS,,ETR,CS202,CS202,Betancourth Ocampo Yohana Patricia (CSI); Bastidas Valencia Zeneida Judith (MAT); Mindineros Satizábal John Jáver (TEI),EQUIPO DE 4: cada docente atiende un grupo de estudiantes en su área,ENFASIS-CS202
29,Mindineros Satizábal John Jáver,MIERCOLES,3,2,1,08:20,09:05,ENFASIS,,TEI,CS202,CS202,Betancourth Ocampo Yohana Patricia (CSI); Estacio Estupiñán Rosario (ETR); Bastidas Valencia Zeneida Judith (MAT),EQUIPO DE 4: cada docente atiende un grupo de estudiantes en su área,ENFASIS-CS202
50,Valencia Solís Gloria Alexa,MIERCOLES,4,2,2,09:05,09:50,AREAS_MULTIPLES,0001,ÁREAS MÚLTIPLES,,,,Maestro de aula: todas las áreas con su grupo,
27,Martínez Álvarez Andrea Ascención,MIERCOLES,4,2,2,09:05,09:50,AREAS_MULTIPLES,0002,ÁREAS MÚLTIPLES,,,,Maestro de aula: todas las áreas con su grupo,
23,Landázuri Quiñones María Elia,MIERCOLES,4,2,2,09:05,09:50,AREAS_MULTIPLES,0101,ÁREAS MÚLTIPLES,,,,Maestro de aula: todas las áreas con su grupo,
45,Sinisterra Ana Lucía,MIERCOLES,4,2,2,09:05,09:50,AREAS_MULTIPLES,0102,ÁREAS MÚLTIPLES,,,,Maestro de aula: todas las áreas con su grupo,
13,Cortés Salazar María Ebelice,MIERCOLES,4,2,2,09:05,09:50,AREAS_MULTIPLES,0201,ÁREAS MÚLTIPLES,,,,Maestro de aula: todas las áreas con su grupo,
21,Garzón Quiñones Sixta Janina,MIERCOLES,4,2,2,09:05,09:50,AREAS_MULTIPLES,0202,ÁREAS MÚLTIPLES,,,,Maestro de aula: todas las áreas con su grupo,
46,Tenorio Cuero Lucy Bivian,MIERCOLES,4,2,2,09:05,09:50,AREAS_MULTIPLES,0203,ÁREAS MÚLTIPLES,,,,Maestro de aula: todas las áreas con su grupo,
48,Torres Segura Encarnación,MIERCOLES,4,2,2,09:05,09:50,AREAS_MULTIPLES,0301,ÁREAS MÚLTIPLES,,,,Maestro de aula: todas las áreas con su grupo,
24,Landázuri Gallón Teresa,MIERCOLES,4,2,2,09:05,09:50,AREAS_MULTIPLES,0302,ÁREAS MÚLTIPLES,,,,Maestro de aula: todas las áreas con su grupo,
55,Zamora Ordóñez Celia Pastora,MIERCOLES,4,2,2,09:05,09:50,AREAS_MULTIPLES,0401,ÁREAS MÚLTIPLES,,,,Maestro de aula: todas las áreas con su grupo,
33,Núñez Perlaza Elcy,MIERCOLES,4,2,2,09:05,09:50,AREAS_MULTIPLES,0402,ÁREAS MÚLTIPLES,,,,Maestro de aula: todas las áreas con su grupo,
14,Cuéllar Gallo Nemesia,MIERCOLES,4,2,2,09:05,09:50,AREAS_MULTIPLES,0501,ÁREAS MÚLTIPLES,,,,Maestro de aula: todas las áreas con su grupo,
11,Centeno Zúñiga Claudia Patricia,MIERCOLES,4,2,2,09:05,09:50,AREAS_MULTIPLES,0502,ÁREAS MÚLTIPLES,,,,Maestro de aula: todas las áreas con su grupo,
32,Narváez Sánchez Dora Alejandra,MIERCOLES,4,2,2,09:05,09:50,AREAS_MULTIPLES,0503,ÁREAS MÚLTIPLES,,,,Maestro de aula: todas las áreas con su grupo,
17,Escobar Cortés Liliana,MIERCOLES,4,2,2,09:05,09:50,AREAS_MULTIPLES,0504,ÁREAS MÚLTIPLES,,,,Maestro de aula: todas las áreas con su grupo,
16,Cuero Rincón Hernando Jesús,MIERCOLES,4,2,2,09:05,09:50,CLASE,0601,CAS,,,,,0601-CAS
37,Prado Quiñones Genís Maribel,MIERCOLES,4,2,2,09:05,09:50,CLASE,0602,ART,,,,,0602-ART
10,Castillo Cuero Daira Eneida,MIERCOLES,4,2,2,09:05,09:50,CLASE,0701,CAS,,,,,0701-CAS
39,Puches Ana Milena,MIERCOLES,4,2,2,09:05,09:50,CLASE,0702,ART,,,,,0702-ART
34,Ordóñez Tenorio Jaime Marcial,MIERCOLES,4,2,2,09:05,09:50,CLASE,0703,CNA,,,,,0703-CNA
57,Armero Dájome Jesús,MIERCOLES,4,2,2,09:05,09:50,CLASE,0704,ERD,,,,,0704-ERD
35,Ortiz Araujo Adiela Carlota,MIERCOLES,4,2,2,09:05,09:50,CLASE,0802,CSI,,,,Sociales / Inglés (alternan cada semana),0802-CSI
49,Valencia Marínez Saidy Eufemia,MIERCOLES,4,2,2,09:05,09:50,CLASE,0901,ART,,,,,0901-ART
22,González Castillo Jólmer Jimy,MIERCOLES,4,2,2,09:05,09:50,CLASE,0902,ERD,,,,,0902-ERD
28,Meza Banguera Gladys Alicia,MIERCOLES,4,2,2,09:05,09:50,CLASE,1001,CAS,,,,,1001-CAS
30,Montaño Anchico Favio Héctor,MIERCOLES,4,2,2,09:05,09:50,CLASE,1002,CAS,,,,,1002-CAS
3,Arboleda Ortiz Luz América,MIERCOLES,4,2,2,09:05,09:50,CLASE,1101,ART,,,,,1101-ART
4,Arizala Castro Roberto Carlos,MIERCOLES,4,2,2,09:05,09:50,CLASE,CS101,CNA,,,,,CS101-CNA
20,García Gobea Saydi Magali,MIERCOLES,4,2,2,09:05,09:50,CLASE,CS102,CSI,,,,Sociales / Inglés (alternan cada semana),CS102-CSI
9,Castillo Angulo Martha Cecilia,MIERCOLES,4,2,2,09:05,09:50,CLASE,CS201,ETR,,,,Ética / Religión (alternan cada semana),CS201-ETR
7,Casanova Casanova Johana Andrea,MIERCOLES,4,2,2,09:05,09:50,ORIENTACION,ORIENT,ORIENTACIÓN ESCOLAR,,,,Jornada 07:30 a 14:30,
36,Ponce Moncayo Ángela Paola,MIERCOLES,4,2,2,09:05,09:50,ORIENTACION,ORIENT,ORIENTACIÓN ESCOLAR,,,,Jornada 08:30 a 13:30,
56,Ortiz Estacio Martha Cecilia,MIERCOLES,4,2,2,09:05,09:50,TUTORIA,PTAFI,TUTORÍA PTAFI,,,,Jornada 06:30 a 12:00,
12,Chillambo Quiñones María Rocío,MIERCOLES,4,2,2,09:05,09:50,ENFASIS,,CNA,0801,0801,Samaniego Angulo Flor Mireya (ART); Valverde Montaño María Teresa (CAS); Cuero Bamba Berte Levi (ERD),EQUIPO DE 4: cada docente atiende un grupo de estudiantes en su área,ENFASIS-0801
15,Cuero Bamba Berte Levi,MIERCOLES,4,2,2,09:05,09:50,ENFASIS,,ERD,0801,0801,Samaniego Angulo Flor Mireya (ART); Valverde Montaño María Teresa (CAS); Chillambo Quiñones María Rocío (CNA),EQUIPO DE 4: cada docente atiende un grupo de estudiantes en su área,ENFASIS-0801
44,Samaniego Angulo Flor Mireya,MIERCOLES,4,2,2,09:05,09:50,ENFASIS,,ART,0801,0801,Valverde Montaño María Teresa (CAS); Cuero Bamba Berte Levi (ERD); Chillambo Quiñones María Rocío (CNA),EQUIPO DE 4: cada docente atiende un grupo de estudiantes en su área,ENFASIS-0801
51,Valverde Montaño María Teresa,MIERCOLES,4,2,2,09:05,09:50,ENFASIS,,CAS,0801,0801,Samaniego Angulo Flor Mireya (ART); Cuero Bamba Berte Levi (ERD); Chillambo Quiñones María Rocío (CNA),EQUIPO DE 4: cada docente atiende un grupo de estudiantes en su área,ENFASIS-0801
2,Angulo Lucero Andrés Mauricio,MIERCOLES,4,2,2,09:05,09:50,ENFASIS,,TEI,D5-11°,1102,Pulgarín Ortiz César Marino (CSI); Montaño Arizala Leidis Claudina (ETR); Villota Rubio Janeth del Carmen (MAT),EQUIPO DE 4: cada docente atiende un grupo de estudiantes en su área,ENFASIS-D5-11°
31,Montaño Arizala Leidis Claudina,MIERCOLES,4,2,2,09:05,09:50,ENFASIS,,ETR,D5-11°,1102,Pulgarín Ortiz César Marino (CSI); Villota Rubio Janeth del Carmen (MAT); Angulo Lucero Andrés Mauricio (TEI),EQUIPO DE 4: cada docente atiende un grupo de estudiantes en su área,ENFASIS-D5-11°
40,Pulgarín Ortiz César Marino,MIERCOLES,4,2,2,09:05,09:50,ENFASIS,,CSI,D5-11°,1102,Montaño Arizala Leidis Claudina (ETR); Villota Rubio Janeth del Carmen (MAT); Angulo Lucero Andrés Mauricio (TEI),EQUIPO DE 4: cada docente atiende un grupo de estudiantes en su área,ENFASIS-D5-11°
54,Villota Rubio Janeth del Carmen,MIERCOLES,4,2,2,09:05,09:50,ENFASIS,,MAT,D5-11°,1102,Pulgarín Ortiz César Marino (CSI); Montaño Arizala Leidis Claudina (ETR); Angulo Lucero Andrés Mauricio (TEI),EQUIPO DE 4: cada docente atiende un grupo de estudiantes en su área,ENFASIS-D5-11°
5,Bastidas Valencia Zeneida Judith,MIERCOLES,4,2,2,09:05,09:50,ENFASIS,,MAT,CS202,CS202,Betancourth Ocampo Yohana Patricia (CSI); Estacio Estupiñán Rosario (ETR); Mindineros Satizábal John Jáver (TEI),EQUIPO DE 4: cada docente atiende un grupo de estudiantes en su área,ENFASIS-CS202
6,Betancourth Ocampo Yohana Patricia,MIERCOLES,4,2,2,09:05,09:50,ENFASIS,,CSI,CS202,CS202,Estacio Estupiñán Rosario (ETR); Bastidas Valencia Zeneida Judith (MAT); Mindineros Satizábal John Jáver (TEI),EQUIPO DE 4: cada docente atiende un grupo de estudiantes en su área,ENFASIS-CS202
18,Estacio Estupiñán Rosario,MIERCOLES,4,2,2,09:05,09:50,ENFASIS,,ETR,CS202,CS202,Betancourth Ocampo Yohana Patricia (CSI); Bastidas Valencia Zeneida Judith (MAT); Mindineros Satizábal John Jáver (TEI),EQUIPO DE 4: cada docente atiende un grupo de estudiantes en su área,ENFASIS-CS202
29,Mindineros Satizábal John Jáver,MIERCOLES,4,2,2,09:05,09:50,ENFASIS,,TEI,CS202,CS202,Betancourth Ocampo Yohana Patricia (CSI); Estacio Estupiñán Rosario (ETR); Bastidas Valencia Zeneida Judith (MAT),EQUIPO DE 4: cada docente atiende un grupo de estudiantes en su área,ENFASIS-CS202
50,Valencia Solís Gloria Alexa,MIERCOLES,5,3,1,10:10,10:55,AREAS_MULTIPLES,0001,ÁREAS MÚLTIPLES,,,,Maestro de aula: todas las áreas con su grupo,
27,Martínez Álvarez Andrea Ascención,MIERCOLES,5,3,1,10:10,10:55,AREAS_MULTIPLES,0002,ÁREAS MÚLTIPLES,,,,Maestro de aula: todas las áreas con su grupo,
23,Landázuri Quiñones María Elia,MIERCOLES,5,3,1,10:10,10:55,AREAS_MULTIPLES,0101,ÁREAS MÚLTIPLES,,,,Maestro de aula: todas las áreas con su grupo,
45,Sinisterra Ana Lucía,MIERCOLES,5,3,1,10:10,10:55,AREAS_MULTIPLES,0102,ÁREAS MÚLTIPLES,,,,Maestro de aula: todas las áreas con su grupo,
13,Cortés Salazar María Ebelice,MIERCOLES,5,3,1,10:10,10:55,AREAS_MULTIPLES,0201,ÁREAS MÚLTIPLES,,,,Maestro de aula: todas las áreas con su grupo,
21,Garzón Quiñones Sixta Janina,MIERCOLES,5,3,1,10:10,10:55,AREAS_MULTIPLES,0202,ÁREAS MÚLTIPLES,,,,Maestro de aula: todas las áreas con su grupo,
46,Tenorio Cuero Lucy Bivian,MIERCOLES,5,3,1,10:10,10:55,AREAS_MULTIPLES,0203,ÁREAS MÚLTIPLES,,,,Maestro de aula: todas las áreas con su grupo,
48,Torres Segura Encarnación,MIERCOLES,5,3,1,10:10,10:55,AREAS_MULTIPLES,0301,ÁREAS MÚLTIPLES,,,,Maestro de aula: todas las áreas con su grupo,
24,Landázuri Gallón Teresa,MIERCOLES,5,3,1,10:10,10:55,AREAS_MULTIPLES,0302,ÁREAS MÚLTIPLES,,,,Maestro de aula: todas las áreas con su grupo,
55,Zamora Ordóñez Celia Pastora,MIERCOLES,5,3,1,10:10,10:55,AREAS_MULTIPLES,0401,ÁREAS MÚLTIPLES,,,,Maestro de aula: todas las áreas con su grupo,
33,Núñez Perlaza Elcy,MIERCOLES,5,3,1,10:10,10:55,AREAS_MULTIPLES,0402,ÁREAS MÚLTIPLES,,,,Maestro de aula: todas las áreas con su grupo,
14,Cuéllar Gallo Nemesia,MIERCOLES,5,3,1,10:10,10:55,AREAS_MULTIPLES,0501,ÁREAS MÚLTIPLES,,,,Maestro de aula: todas las áreas con su grupo,
11,Centeno Zúñiga Claudia Patricia,MIERCOLES,5,3,1,10:10,10:55,AREAS_MULTIPLES,0502,ÁREAS MÚLTIPLES,,,,Maestro de aula: todas las áreas con su grupo,
32,Narváez Sánchez Dora Alejandra,MIERCOLES,5,3,1,10:10,10:55,AREAS_MULTIPLES,0503,ÁREAS MÚLTIPLES,,,,Maestro de aula: todas las áreas con su grupo,
17,Escobar Cortés Liliana,MIERCOLES,5,3,1,10:10,10:55,AREAS_MULTIPLES,0504,ÁREAS MÚLTIPLES,,,,Maestro de aula: todas las áreas con su grupo,
26,Lozano Torres Amanda Inés,MIERCOLES,5,3,1,10:10,10:55,CLASE,0601,ETR,,,,Ética / Religión (alternan cada semana),0601-ETR
20,García Gobea Saydi Magali,MIERCOLES,5,3,1,10:10,10:55,CLASE,0602,CSI,,,,Sociales / Inglés (alternan cada semana),0602-CSI
8,Casanova Quiñones Yoli del Carmen,MIERCOLES,5,3,1,10:10,10:55,CLASE,0701,ETR,,,,Ética / Religión (alternan cada semana),0701-ETR
10,Castillo Cuero Daira Eneida,MIERCOLES,5,3,1,10:10,10:55,CLASE,0702,CAS,,,,,0702-CAS
57,Armero Dájome Jesús,MIERCOLES,5,3,1,10:10,10:55,CLASE,0703,ERD,,,,,0703-ERD
44,Samaniego Angulo Flor Mireya,MIERCOLES,5,3,1,10:10,10:55,CLASE,0801,ART,,,,,0801-ART
25,Lemos Guancha Miriam,MIERCOLES,5,3,1,10:10,10:55,CLASE,0901,CNA,,,,,0901-CNA
49,Valencia Marínez Saidy Eufemia,MIERCOLES,5,3,1,10:10,10:55,CLASE,0902,ART,,,,,0902-ART
5,Bastidas Valencia Zeneida Judith,MIERCOLES,5,3,1,10:10,10:55,CLASE,1001,MAT,,,,,1001-MAT
54,Villota Rubio Janeth del Carmen,MIERCOLES,5,3,1,10:10,10:55,CLASE,1002,MAT,,,,,1002-MAT
2,Angulo Lucero Andrés Mauricio,MIERCOLES,5,3,1,10:10,10:55,CLASE,1102,TEI,,,,,1102-TEI
4,Arizala Castro Roberto Carlos,MIERCOLES,5,3,1,10:10,10:55,CLASE,CS101,ERD,,,,,CS101-ERD
37,Prado Quiñones Genís Maribel,MIERCOLES,5,3,1,10:10,10:55,CLASE,CS102,ART,,,,,CS102-ART
51,Valverde Montaño María Teresa,MIERCOLES,5,3,1,10:10,10:55,CLASE,CS201,CAS,,,,,CS201-CAS
12,Chillambo Quiñones María Rocío,MIERCOLES,5,3,1,10:10,10:55,CLASE,CS202,CNA,,,,,CS202-CNA
7,Casanova Casanova Johana Andrea,MIERCOLES,5,3,1,10:10,10:55,ORIENTACION,ORIENT,ORIENTACIÓN ESCOLAR,,,,Jornada 07:30 a 14:30,
36,Ponce Moncayo Ángela Paola,MIERCOLES,5,3,1,10:10,10:55,ORIENTACION,ORIENT,ORIENTACIÓN ESCOLAR,,,,Jornada 08:30 a 13:30,
56,Ortiz Estacio Martha Cecilia,MIERCOLES,5,3,1,10:10,10:55,TUTORIA,PTAFI,TUTORÍA PTAFI,,,,Jornada 06:30 a 12:00,
1,Aguirre Riascos Jorge Andrés,MIERCOLES,5,3,1,10:10,10:55,ENFASIS,,TEI,0704,0704,Vásquez Valencia Segundo Leoncio (MAT),PAREJA: comparten el énfasis y alternan por semana,ENFASIS-0704
52,Vásquez Valencia Segundo Leoncio,MIERCOLES,5,3,1,10:10,10:55,ENFASIS,,MAT,0704,0704,Aguirre Riascos Jorge Andrés (TEI),PAREJA: comparten el énfasis y alternan por semana,ENFASIS-0704
9,Castillo Angulo Martha Cecilia,MIERCOLES,5,3,1,10:10,10:55,ENFASIS,,ETR,0802,0802,Ortiz Araujo Adiela Carlota (CSI),PAREJA: comparten el énfasis y alternan por semana,ENFASIS-0802
19,Fernández Vélez Alfredo Enrique,MIERCOLES,5,3,1,10:10,10:55,ENFASIS,,TEI,D3-8°,0802,Preciado Torres Oleisa (MAT),PAREJA: comparten el énfasis y alternan por semana,ENFASIS-D3-8°
35,Ortiz Araujo Adiela Carlota,MIERCOLES,5,3,1,10:10,10:55,ENFASIS,,CSI,0802,0802,Castillo Angulo Martha Cecilia (ETR),PAREJA: comparten el énfasis y alternan por semana,ENFASIS-0802
38,Preciado Torres Oleisa,MIERCOLES,5,3,1,10:10,10:55,ENFASIS,,MAT,D3-8°,0802,Fernández Vélez Alfredo Enrique (TEI),PAREJA: comparten el énfasis y alternan por semana,ENFASIS-D3-8°
3,Arboleda Ortiz Luz América,MIERCOLES,5,3,1,10:10,10:55,ENFASIS,,ART,D5-11°,1101,Montaño Anchico Favio Héctor (CAS); Ramírez Guerra Jimmy Eduardo (ERD); Villota Rubio Héctor Hugo (CNA),EQUIPO DE 4: cada docente atiende un grupo de estudiantes en su área,ENFASIS-D5-11°
30,Montaño Anchico Favio Héctor,MIERCOLES,5,3,1,10:10,10:55,ENFASIS,,CAS,D5-11°,1101,Arboleda Ortiz Luz América (ART); Ramírez Guerra Jimmy Eduardo (ERD); Villota Rubio Héctor Hugo (CNA),EQUIPO DE 4: cada docente atiende un grupo de estudiantes en su área,ENFASIS-D5-11°
43,Ramírez Guerra Jimmy Eduardo,MIERCOLES,5,3,1,10:10,10:55,ENFASIS,,ERD,D5-11°,1101,Arboleda Ortiz Luz América (ART); Montaño Anchico Favio Héctor (CAS); Villota Rubio Héctor Hugo (CNA),EQUIPO DE 4: cada docente atiende un grupo de estudiantes en su área,ENFASIS-D5-11°
53,Villota Rubio Héctor Hugo,MIERCOLES,5,3,1,10:10,10:55,ENFASIS,,CNA,D5-11°,1101,Arboleda Ortiz Luz América (ART); Montaño Anchico Favio Héctor (CAS); Ramírez Guerra Jimmy Eduardo (ERD),EQUIPO DE 4: cada docente atiende un grupo de estudiantes en su área,ENFASIS-D5-11°
50,Valencia Solís Gloria Alexa,MIERCOLES,6,3,2,10:55,11:40,AREAS_MULTIPLES,0001,ÁREAS MÚLTIPLES,,,,Maestro de aula: todas las áreas con su grupo,
27,Martínez Álvarez Andrea Ascención,MIERCOLES,6,3,2,10:55,11:40,AREAS_MULTIPLES,0002,ÁREAS MÚLTIPLES,,,,Maestro de aula: todas las áreas con su grupo,
23,Landázuri Quiñones María Elia,MIERCOLES,6,3,2,10:55,11:40,AREAS_MULTIPLES,0101,ÁREAS MÚLTIPLES,,,,Maestro de aula: todas las áreas con su grupo,
45,Sinisterra Ana Lucía,MIERCOLES,6,3,2,10:55,11:40,AREAS_MULTIPLES,0102,ÁREAS MÚLTIPLES,,,,Maestro de aula: todas las áreas con su grupo,
13,Cortés Salazar María Ebelice,MIERCOLES,6,3,2,10:55,11:40,AREAS_MULTIPLES,0201,ÁREAS MÚLTIPLES,,,,Maestro de aula: todas las áreas con su grupo,
21,Garzón Quiñones Sixta Janina,MIERCOLES,6,3,2,10:55,11:40,AREAS_MULTIPLES,0202,ÁREAS MÚLTIPLES,,,,Maestro de aula: todas las áreas con su grupo,
46,Tenorio Cuero Lucy Bivian,MIERCOLES,6,3,2,10:55,11:40,AREAS_MULTIPLES,0203,ÁREAS MÚLTIPLES,,,,Maestro de aula: todas las áreas con su grupo,
48,Torres Segura Encarnación,MIERCOLES,6,3,2,10:55,11:40,AREAS_MULTIPLES,0301,ÁREAS MÚLTIPLES,,,,Maestro de aula: todas las áreas con su grupo,
24,Landázuri Gallón Teresa,MIERCOLES,6,3,2,10:55,11:40,AREAS_MULTIPLES,0302,ÁREAS MÚLTIPLES,,,,Maestro de aula: todas las áreas con su grupo,
55,Zamora Ordóñez Celia Pastora,MIERCOLES,6,3,2,10:55,11:40,AREAS_MULTIPLES,0401,ÁREAS MÚLTIPLES,,,,Maestro de aula: todas las áreas con su grupo,
33,Núñez Perlaza Elcy,MIERCOLES,6,3,2,10:55,11:40,AREAS_MULTIPLES,0402,ÁREAS MÚLTIPLES,,,,Maestro de aula: todas las áreas con su grupo,
14,Cuéllar Gallo Nemesia,MIERCOLES,6,3,2,10:55,11:40,AREAS_MULTIPLES,0501,ÁREAS MÚLTIPLES,,,,Maestro de aula: todas las áreas con su grupo,
11,Centeno Zúñiga Claudia Patricia,MIERCOLES,6,3,2,10:55,11:40,AREAS_MULTIPLES,0502,ÁREAS MÚLTIPLES,,,,Maestro de aula: todas las áreas con su grupo,
32,Narváez Sánchez Dora Alejandra,MIERCOLES,6,3,2,10:55,11:40,AREAS_MULTIPLES,0503,ÁREAS MÚLTIPLES,,,,Maestro de aula: todas las áreas con su grupo,
17,Escobar Cortés Liliana,MIERCOLES,6,3,2,10:55,11:40,AREAS_MULTIPLES,0504,ÁREAS MÚLTIPLES,,,,Maestro de aula: todas las áreas con su grupo,
26,Lozano Torres Amanda Inés,MIERCOLES,6,3,2,10:55,11:40,CLASE,0601,ETR,,,,Ética / Religión (alternan cada semana),0601-ETR
20,García Gobea Saydi Magali,MIERCOLES,6,3,2,10:55,11:40,CLASE,0602,CSI,,,,Sociales / Inglés (alternan cada semana),0602-CSI
8,Casanova Quiñones Yoli del Carmen,MIERCOLES,6,3,2,10:55,11:40,CLASE,0701,ETR,,,,Ética / Religión (alternan cada semana),0701-ETR
10,Castillo Cuero Daira Eneida,MIERCOLES,6,3,2,10:55,11:40,CLASE,0702,CAS,,,,,0702-CAS
57,Armero Dájome Jesús,MIERCOLES,6,3,2,10:55,11:40,CLASE,0703,ERD,,,,,0703-ERD
44,Samaniego Angulo Flor Mireya,MIERCOLES,6,3,2,10:55,11:40,CLASE,0801,ART,,,,,0801-ART
25,Lemos Guancha Miriam,MIERCOLES,6,3,2,10:55,11:40,CLASE,0901,CNA,,,,,0901-CNA
49,Valencia Marínez Saidy Eufemia,MIERCOLES,6,3,2,10:55,11:40,CLASE,0902,ART,,,,,0902-ART
5,Bastidas Valencia Zeneida Judith,MIERCOLES,6,3,2,10:55,11:40,CLASE,1001,MAT,,,,,1001-MAT
54,Villota Rubio Janeth del Carmen,MIERCOLES,6,3,2,10:55,11:40,CLASE,1002,MAT,,,,,1002-MAT
2,Angulo Lucero Andrés Mauricio,MIERCOLES,6,3,2,10:55,11:40,CLASE,1102,TEI,,,,,1102-TEI
4,Arizala Castro Roberto Carlos,MIERCOLES,6,3,2,10:55,11:40,CLASE,CS101,ERD,,,,,CS101-ERD
37,Prado Quiñones Genís Maribel,MIERCOLES,6,3,2,10:55,11:40,CLASE,CS102,ART,,,,,CS102-ART
51,Valverde Montaño María Teresa,MIERCOLES,6,3,2,10:55,11:40,CLASE,CS201,CAS,,,,,CS201-CAS
12,Chillambo Quiñones María Rocío,MIERCOLES,6,3,2,10:55,11:40,CLASE,CS202,CNA,,,,,CS202-CNA
7,Casanova Casanova Johana Andrea,MIERCOLES,6,3,2,10:55,11:40,ORIENTACION,ORIENT,ORIENTACIÓN ESCOLAR,,,,Jornada 07:30 a 14:30,
36,Ponce Moncayo Ángela Paola,MIERCOLES,6,3,2,10:55,11:40,ORIENTACION,ORIENT,ORIENTACIÓN ESCOLAR,,,,Jornada 08:30 a 13:30,
56,Ortiz Estacio Martha Cecilia,MIERCOLES,6,3,2,10:55,11:40,TUTORIA,PTAFI,TUTORÍA PTAFI,,,,Jornada 06:30 a 12:00,
1,Aguirre Riascos Jorge Andrés,MIERCOLES,6,3,2,10:55,11:40,ENFASIS,,TEI,0704,0704,Vásquez Valencia Segundo Leoncio (MAT),PAREJA: comparten el énfasis y alternan por semana,ENFASIS-0704
52,Vásquez Valencia Segundo Leoncio,MIERCOLES,6,3,2,10:55,11:40,ENFASIS,,MAT,0704,0704,Aguirre Riascos Jorge Andrés (TEI),PAREJA: comparten el énfasis y alternan por semana,ENFASIS-0704
9,Castillo Angulo Martha Cecilia,MIERCOLES,6,3,2,10:55,11:40,ENFASIS,,ETR,0802,0802,Ortiz Araujo Adiela Carlota (CSI),PAREJA: comparten el énfasis y alternan por semana,ENFASIS-0802
19,Fernández Vélez Alfredo Enrique,MIERCOLES,6,3,2,10:55,11:40,ENFASIS,,TEI,D3-8°,0802,Preciado Torres Oleisa (MAT),PAREJA: comparten el énfasis y alternan por semana,ENFASIS-D3-8°
35,Ortiz Araujo Adiela Carlota,MIERCOLES,6,3,2,10:55,11:40,ENFASIS,,CSI,0802,0802,Castillo Angulo Martha Cecilia (ETR),PAREJA: comparten el énfasis y alternan por semana,ENFASIS-0802
38,Preciado Torres Oleisa,MIERCOLES,6,3,2,10:55,11:40,ENFASIS,,MAT,D3-8°,0802,Fernández Vélez Alfredo Enrique (TEI),PAREJA: comparten el énfasis y alternan por semana,ENFASIS-D3-8°
3,Arboleda Ortiz Luz América,MIERCOLES,6,3,2,10:55,11:40,ENFASIS,,ART,D5-11°,1101,Montaño Anchico Favio Héctor (CAS); Ramírez Guerra Jimmy Eduardo (ERD); Villota Rubio Héctor Hugo (CNA),EQUIPO DE 4: cada docente atiende un grupo de estudiantes en su área,ENFASIS-D5-11°
30,Montaño Anchico Favio Héctor,MIERCOLES,6,3,2,10:55,11:40,ENFASIS,,CAS,D5-11°,1101,Arboleda Ortiz Luz América (ART); Ramírez Guerra Jimmy Eduardo (ERD); Villota Rubio Héctor Hugo (CNA),EQUIPO DE 4: cada docente atiende un grupo de estudiantes en su área,ENFASIS-D5-11°
43,Ramírez Guerra Jimmy Eduardo,MIERCOLES,6,3,2,10:55,11:40,ENFASIS,,ERD,D5-11°,1101,Arboleda Ortiz Luz América (ART); Montaño Anchico Favio Héctor (CAS); Villota Rubio Héctor Hugo (CNA),EQUIPO DE 4: cada docente atiende un grupo de estudiantes en su área,ENFASIS-D5-11°
53,Villota Rubio Héctor Hugo,MIERCOLES,6,3,2,10:55,11:40,ENFASIS,,CNA,D5-11°,1101,Arboleda Ortiz Luz América (ART); Montaño Anchico Favio Héctor (CAS); Ramírez Guerra Jimmy Eduardo (ERD),EQUIPO DE 4: cada docente atiende un grupo de estudiantes en su área,ENFASIS-D5-11°
41,Quintero Ramírez María del Carmen,MIERCOLES,7,4,1,12:00,12:45,CLASE,0701,CSI,,,,Sociales / Inglés (alternan cada semana),0701-CSI
8,Casanova Quiñones Yoli del Carmen,MIERCOLES,7,4,1,12:00,12:45,CLASE,0702,ETR,,,,Ética / Religión (alternan cada semana),0702-ETI
52,Vásquez Valencia Segundo Leoncio,MIERCOLES,7,4,1,12:00,12:45,CLASE,0703,MAT,,,,,0703-MAT
1,Aguirre Riascos Jorge Andrés,MIERCOLES,7,4,1,12:00,12:45,CLASE,0704,TEI,,,,,0704-TEI
9,Castillo Angulo Martha Cecilia,MIERCOLES,7,4,1,12:00,12:45,CLASE,0801,ETR,,,,Ética / Religión (alternan cada semana),0801-ETR
44,Samaniego Angulo Flor Mireya,MIERCOLES,7,4,1,12:00,12:45,CLASE,0802,ART,,,,,0802-ART
31,Montaño Arizala Leidis Claudina,MIERCOLES,7,4,1,12:00,12:45,CLASE,1002,ETR,,,,Ética / Religión (alternan cada semana),1002-ETR
40,Pulgarín Ortiz César Marino,MIERCOLES,7,4,1,12:00,12:45,CLASE,1101,CSI,,,,Sociales / Inglés (alternan cada semana),1101-CSI
54,Villota Rubio Janeth del Carmen,MIERCOLES,7,4,1,12:00,12:45,CLASE,1102,MAT,,,,,1102-MAT
42,Quiñones Cabezas Marcos Vidal,MIERCOLES,7,4,1,12:00,12:45,CLASE,CS101,TEI,,,,,CS101-TEI
26,Lozano Torres Amanda Inés,MIERCOLES,7,4,1,12:00,12:45,CLASE,CS102,ETR,,,,Ética / Religión (alternan cada semana),CS102-ETR
15,Cuero Bamba Berte Levi,MIERCOLES,7,4,1,12:00,12:45,CLASE,CS201,ERD,,,,,CS201-ERD
38,Preciado Torres Oleisa,MIERCOLES,7,4,1,12:00,12:45,CLASE,CS202,MAT,,,,,CS202-MAT
7,Casanova Casanova Johana Andrea,MIERCOLES,7,4,1,12:00,12:45,ORIENTACION,ORIENT,ORIENTACIÓN ESCOLAR,,,,Jornada 07:30 a 14:30,
36,Ponce Moncayo Ángela Paola,MIERCOLES,7,4,1,12:00,12:45,ORIENTACION,ORIENT,ORIENTACIÓN ESCOLAR,,,,Jornada 08:30 a 13:30,
10,Castillo Cuero Daira Eneida,MIERCOLES,7,4,1,12:00,12:45,ENFASIS,,CAS,0601,0601,Puches Ana Milena (ART),PAREJA: comparten el énfasis y alternan por semana,ENFASIS-0601
39,Puches Ana Milena,MIERCOLES,7,4,1,12:00,12:45,ENFASIS,,ART,0601,0601,Castillo Cuero Daira Eneida (CAS),PAREJA: comparten el énfasis y alternan por semana,ENFASIS-0601
34,Ordóñez Tenorio Jaime Marcial,MIERCOLES,7,4,1,12:00,12:45,ENFASIS,,CNA,0602,0602,Armero Dájome Jesús (ERD),PAREJA: comparten el énfasis y alternan por semana,ENFASIS-0602
57,Armero Dájome Jesús,MIERCOLES,7,4,1,12:00,12:45,ENFASIS,,ERD,0602,0602,Ordóñez Tenorio Jaime Marcial (CNA),PAREJA: comparten el énfasis y alternan por semana,ENFASIS-0602
22,González Castillo Jólmer Jimy,MIERCOLES,7,4,1,12:00,12:45,ENFASIS,,ERD,0901,0901,Valencia Marínez Saidy Eufemia (ART); Meza Banguera Gladys Alicia (CAS); Lemos Guancha Miriam (CNA),EQUIPO DE 4: cada docente atiende un grupo de estudiantes en su área,ENFASIS-0901
25,Lemos Guancha Miriam,MIERCOLES,7,4,1,12:00,12:45,ENFASIS,,CNA,0901,0901,Valencia Marínez Saidy Eufemia (ART); Meza Banguera Gladys Alicia (CAS); González Castillo Jólmer Jimy (ERD),EQUIPO DE 4: cada docente atiende un grupo de estudiantes en su área,ENFASIS-0901
28,Meza Banguera Gladys Alicia,MIERCOLES,7,4,1,12:00,12:45,ENFASIS,,CAS,0901,0901,Valencia Marínez Saidy Eufemia (ART); González Castillo Jólmer Jimy (ERD); Lemos Guancha Miriam (CNA),EQUIPO DE 4: cada docente atiende un grupo de estudiantes en su área,ENFASIS-0901
49,Valencia Marínez Saidy Eufemia,MIERCOLES,7,4,1,12:00,12:45,ENFASIS,,ART,0901,0901,Meza Banguera Gladys Alicia (CAS); González Castillo Jólmer Jimy (ERD); Lemos Guancha Miriam (CNA),EQUIPO DE 4: cada docente atiende un grupo de estudiantes en su área,ENFASIS-0901
5,Bastidas Valencia Zeneida Judith,MIERCOLES,7,4,1,12:00,12:45,ENFASIS,,MAT,0902,0902,Betancourth Ocampo Yohana Patricia (CSI); Estacio Estupiñán Rosario (ETR); Mindineros Satizábal John Jáver (TEI),EQUIPO DE 4: cada docente atiende un grupo de estudiantes en su área,ENFASIS-0902
6,Betancourth Ocampo Yohana Patricia,MIERCOLES,7,4,1,12:00,12:45,ENFASIS,,CSI,0902,0902,Estacio Estupiñán Rosario (ETR); Bastidas Valencia Zeneida Judith (MAT); Mindineros Satizábal John Jáver (TEI),EQUIPO DE 4: cada docente atiende un grupo de estudiantes en su área,ENFASIS-0902
18,Estacio Estupiñán Rosario,MIERCOLES,7,4,1,12:00,12:45,ENFASIS,,ETR,0902,0902,Betancourth Ocampo Yohana Patricia (CSI); Bastidas Valencia Zeneida Judith (MAT); Mindineros Satizábal John Jáver (TEI),EQUIPO DE 4: cada docente atiende un grupo de estudiantes en su área,ENFASIS-0902
29,Mindineros Satizábal John Jáver,MIERCOLES,7,4,1,12:00,12:45,ENFASIS,,TEI,0902,0902,Betancourth Ocampo Yohana Patricia (CSI); Estacio Estupiñán Rosario (ETR); Bastidas Valencia Zeneida Judith (MAT),EQUIPO DE 4: cada docente atiende un grupo de estudiantes en su área,ENFASIS-0902
3,Arboleda Ortiz Luz América,MIERCOLES,7,4,1,12:00,12:45,ENFASIS,,ART,D5-10°,1001,Montaño Anchico Favio Héctor (CAS); Ramírez Guerra Jimmy Eduardo (ERD); Villota Rubio Héctor Hugo (CNA),EQUIPO DE 4: cada docente atiende un grupo de estudiantes en su área,ENFASIS-D5-10°
30,Montaño Anchico Favio Héctor,MIERCOLES,7,4,1,12:00,12:45,ENFASIS,,CAS,D5-10°,1001,Arboleda Ortiz Luz América (ART); Ramírez Guerra Jimmy Eduardo (ERD); Villota Rubio Héctor Hugo (CNA),EQUIPO DE 4: cada docente atiende un grupo de estudiantes en su área,ENFASIS-D5-10°
43,Ramírez Guerra Jimmy Eduardo,MIERCOLES,7,4,1,12:00,12:45,ENFASIS,,ERD,D5-10°,1001,Arboleda Ortiz Luz América (ART); Montaño Anchico Favio Héctor (CAS); Villota Rubio Héctor Hugo (CNA),EQUIPO DE 4: cada docente atiende un grupo de estudiantes en su área,ENFASIS-D5-10°
53,Villota Rubio Héctor Hugo,MIERCOLES,7,4,1,12:00,12:45,ENFASIS,,CNA,D5-10°,1001,Arboleda Ortiz Luz América (ART); Montaño Anchico Favio Héctor (CAS); Ramírez Guerra Jimmy Eduardo (ERD),EQUIPO DE 4: cada docente atiende un grupo de estudiantes en su área,ENFASIS-D5-10°
41,Quintero Ramírez María del Carmen,MIERCOLES,8,4,2,12:45,13:30,CLASE,0701,CSI,,,,Sociales / Inglés (alternan cada semana),0701-CSI
8,Casanova Quiñones Yoli del Carmen,MIERCOLES,8,4,2,12:45,13:30,CLASE,0702,ETR,,,,Ética / Religión (alternan cada semana),0702-ETI
52,Vásquez Valencia Segundo Leoncio,MIERCOLES,8,4,2,12:45,13:30,CLASE,0703,MAT,,,,,0703-MAT
1,Aguirre Riascos Jorge Andrés,MIERCOLES,8,4,2,12:45,13:30,CLASE,0704,TEI,,,,,0704-TEI
9,Castillo Angulo Martha Cecilia,MIERCOLES,8,4,2,12:45,13:30,CLASE,0801,ETR,,,,Ética / Religión (alternan cada semana),0801-ETR
44,Samaniego Angulo Flor Mireya,MIERCOLES,8,4,2,12:45,13:30,CLASE,0802,ART,,,,,0802-ART
31,Montaño Arizala Leidis Claudina,MIERCOLES,8,4,2,12:45,13:30,CLASE,1002,ETR,,,,Ética / Religión (alternan cada semana),1002-ETR
40,Pulgarín Ortiz César Marino,MIERCOLES,8,4,2,12:45,13:30,CLASE,1101,CSI,,,,Sociales / Inglés (alternan cada semana),1101-CSI
54,Villota Rubio Janeth del Carmen,MIERCOLES,8,4,2,12:45,13:30,CLASE,1102,MAT,,,,,1102-MAT
42,Quiñones Cabezas Marcos Vidal,MIERCOLES,8,4,2,12:45,13:30,CLASE,CS101,TEI,,,,,CS101-TEI
26,Lozano Torres Amanda Inés,MIERCOLES,8,4,2,12:45,13:30,CLASE,CS102,ETR,,,,Ética / Religión (alternan cada semana),CS102-ETR
15,Cuero Bamba Berte Levi,MIERCOLES,8,4,2,12:45,13:30,CLASE,CS201,ERD,,,,,CS201-ERD
38,Preciado Torres Oleisa,MIERCOLES,8,4,2,12:45,13:30,CLASE,CS202,MAT,,,,,CS202-MAT
7,Casanova Casanova Johana Andrea,MIERCOLES,8,4,2,12:45,13:30,ORIENTACION,ORIENT,ORIENTACIÓN ESCOLAR,,,,Jornada 07:30 a 14:30,
36,Ponce Moncayo Ángela Paola,MIERCOLES,8,4,2,12:45,13:30,ORIENTACION,ORIENT,ORIENTACIÓN ESCOLAR,,,,Jornada 08:30 a 13:30,
10,Castillo Cuero Daira Eneida,MIERCOLES,8,4,2,12:45,13:30,ENFASIS,,CAS,0601,0601,Puches Ana Milena (ART),PAREJA: comparten el énfasis y alternan por semana,ENFASIS-0601
39,Puches Ana Milena,MIERCOLES,8,4,2,12:45,13:30,ENFASIS,,ART,0601,0601,Castillo Cuero Daira Eneida (CAS),PAREJA: comparten el énfasis y alternan por semana,ENFASIS-0601
34,Ordóñez Tenorio Jaime Marcial,MIERCOLES,8,4,2,12:45,13:30,ENFASIS,,CNA,0602,0602,Armero Dájome Jesús (ERD),PAREJA: comparten el énfasis y alternan por semana,ENFASIS-0602
57,Armero Dájome Jesús,MIERCOLES,8,4,2,12:45,13:30,ENFASIS,,ERD,0602,0602,Ordóñez Tenorio Jaime Marcial (CNA),PAREJA: comparten el énfasis y alternan por semana,ENFASIS-0602
22,González Castillo Jólmer Jimy,MIERCOLES,8,4,2,12:45,13:30,ENFASIS,,ERD,0901,0901,Valencia Marínez Saidy Eufemia (ART); Meza Banguera Gladys Alicia (CAS); Lemos Guancha Miriam (CNA),EQUIPO DE 4: cada docente atiende un grupo de estudiantes en su área,ENFASIS-0901
25,Lemos Guancha Miriam,MIERCOLES,8,4,2,12:45,13:30,ENFASIS,,CNA,0901,0901,Valencia Marínez Saidy Eufemia (ART); Meza Banguera Gladys Alicia (CAS); González Castillo Jólmer Jimy (ERD),EQUIPO DE 4: cada docente atiende un grupo de estudiantes en su área,ENFASIS-0901
28,Meza Banguera Gladys Alicia,MIERCOLES,8,4,2,12:45,13:30,ENFASIS,,CAS,0901,0901,Valencia Marínez Saidy Eufemia (ART); González Castillo Jólmer Jimy (ERD); Lemos Guancha Miriam (CNA),EQUIPO DE 4: cada docente atiende un grupo de estudiantes en su área,ENFASIS-0901
49,Valencia Marínez Saidy Eufemia,MIERCOLES,8,4,2,12:45,13:30,ENFASIS,,ART,0901,0901,Meza Banguera Gladys Alicia (CAS); González Castillo Jólmer Jimy (ERD); Lemos Guancha Miriam (CNA),EQUIPO DE 4: cada docente atiende un grupo de estudiantes en su área,ENFASIS-0901
5,Bastidas Valencia Zeneida Judith,MIERCOLES,8,4,2,12:45,13:30,ENFASIS,,MAT,0902,0902,Betancourth Ocampo Yohana Patricia (CSI); Estacio Estupiñán Rosario (ETR); Mindineros Satizábal John Jáver (TEI),EQUIPO DE 4: cada docente atiende un grupo de estudiantes en su área,ENFASIS-0902
6,Betancourth Ocampo Yohana Patricia,MIERCOLES,8,4,2,12:45,13:30,ENFASIS,,CSI,0902,0902,Estacio Estupiñán Rosario (ETR); Bastidas Valencia Zeneida Judith (MAT); Mindineros Satizábal John Jáver (TEI),EQUIPO DE 4: cada docente atiende un grupo de estudiantes en su área,ENFASIS-0902
18,Estacio Estupiñán Rosario,MIERCOLES,8,4,2,12:45,13:30,ENFASIS,,ETR,0902,0902,Betancourth Ocampo Yohana Patricia (CSI); Bastidas Valencia Zeneida Judith (MAT); Mindineros Satizábal John Jáver (TEI),EQUIPO DE 4: cada docente atiende un grupo de estudiantes en su área,ENFASIS-0902
29,Mindineros Satizábal John Jáver,MIERCOLES,8,4,2,12:45,13:30,ENFASIS,,TEI,0902,0902,Betancourth Ocampo Yohana Patricia (CSI); Estacio Estupiñán Rosario (ETR); Bastidas Valencia Zeneida Judith (MAT),EQUIPO DE 4: cada docente atiende un grupo de estudiantes en su área,ENFASIS-0902
3,Arboleda Ortiz Luz América,MIERCOLES,8,4,2,12:45,13:30,ENFASIS,,ART,D5-10°,1001,Montaño Anchico Favio Héctor (CAS); Ramírez Guerra Jimmy Eduardo (ERD); Villota Rubio Héctor Hugo (CNA),EQUIPO DE 4: cada docente atiende un grupo de estudiantes en su área,ENFASIS-D5-10°
30,Montaño Anchico Favio Héctor,MIERCOLES,8,4,2,12:45,13:30,ENFASIS,,CAS,D5-10°,1001,Arboleda Ortiz Luz América (ART); Ramírez Guerra Jimmy Eduardo (ERD); Villota Rubio Héctor Hugo (CNA),EQUIPO DE 4: cada docente atiende un grupo de estudiantes en su área,ENFASIS-D5-10°
43,Ramírez Guerra Jimmy Eduardo,MIERCOLES,8,4,2,12:45,13:30,ENFASIS,,ERD,D5-10°,1001,Arboleda Ortiz Luz América (ART); Montaño Anchico Favio Héctor (CAS); Villota Rubio Héctor Hugo (CNA),EQUIPO DE 4: cada docente atiende un grupo de estudiantes en su área,ENFASIS-D5-10°
53,Villota Rubio Héctor Hugo,MIERCOLES,8,4,2,12:45,13:30,ENFASIS,,CNA,D5-10°,1001,Arboleda Ortiz Luz América (ART); Montaño Anchico Favio Héctor (CAS); Ramírez Guerra Jimmy Eduardo (ERD),EQUIPO DE 4: cada docente atiende un grupo de estudiantes en su área,ENFASIS-D5-10°
23,Landázuri Quiñones María Elia,JUEVES,1,1,1,06:30,07:15,AREAS_MULTIPLES,0101,ÁREAS MÚLTIPLES,,,,Maestro de aula: todas las áreas con su grupo,
45,Sinisterra Ana Lucía,JUEVES,1,1,1,06:30,07:15,AREAS_MULTIPLES,0102,ÁREAS MÚLTIPLES,,,,Maestro de aula: todas las áreas con su grupo,
13,Cortés Salazar María Ebelice,JUEVES,1,1,1,06:30,07:15,AREAS_MULTIPLES,0201,ÁREAS MÚLTIPLES,,,,Maestro de aula: todas las áreas con su grupo,
21,Garzón Quiñones Sixta Janina,JUEVES,1,1,1,06:30,07:15,AREAS_MULTIPLES,0202,ÁREAS MÚLTIPLES,,,,Maestro de aula: todas las áreas con su grupo,
46,Tenorio Cuero Lucy Bivian,JUEVES,1,1,1,06:30,07:15,AREAS_MULTIPLES,0203,ÁREAS MÚLTIPLES,,,,Maestro de aula: todas las áreas con su grupo,
48,Torres Segura Encarnación,JUEVES,1,1,1,06:30,07:15,AREAS_MULTIPLES,0301,ÁREAS MÚLTIPLES,,,,Maestro de aula: todas las áreas con su grupo,
24,Landázuri Gallón Teresa,JUEVES,1,1,1,06:30,07:15,AREAS_MULTIPLES,0302,ÁREAS MÚLTIPLES,,,,Maestro de aula: todas las áreas con su grupo,
55,Zamora Ordóñez Celia Pastora,JUEVES,1,1,1,06:30,07:15,AREAS_MULTIPLES,0401,ÁREAS MÚLTIPLES,,,,Maestro de aula: todas las áreas con su grupo,
33,Núñez Perlaza Elcy,JUEVES,1,1,1,06:30,07:15,AREAS_MULTIPLES,0402,ÁREAS MÚLTIPLES,,,,Maestro de aula: todas las áreas con su grupo,
14,Cuéllar Gallo Nemesia,JUEVES,1,1,1,06:30,07:15,AREAS_MULTIPLES,0501,ÁREAS MÚLTIPLES,,,,Maestro de aula: todas las áreas con su grupo,
11,Centeno Zúñiga Claudia Patricia,JUEVES,1,1,1,06:30,07:15,AREAS_MULTIPLES,0502,ÁREAS MÚLTIPLES,,,,Maestro de aula: todas las áreas con su grupo,
32,Narváez Sánchez Dora Alejandra,JUEVES,1,1,1,06:30,07:15,AREAS_MULTIPLES,0503,ÁREAS MÚLTIPLES,,,,Maestro de aula: todas las áreas con su grupo,
17,Escobar Cortés Liliana,JUEVES,1,1,1,06:30,07:15,AREAS_MULTIPLES,0504,ÁREAS MÚLTIPLES,,,,Maestro de aula: todas las áreas con su grupo,
42,Quiñones Cabezas Marcos Vidal,JUEVES,1,1,1,06:30,07:15,CLASE,0601,MAT,,,,,0601-MAT
16,Cuero Rincón Hernando Jesús,JUEVES,1,1,1,06:30,07:15,CLASE,0602,TEI,,,,,0602-TEI
10,Castillo Cuero Daira Eneida,JUEVES,1,1,1,06:30,07:15,CLASE,0704,CAS,,,,,0704-CAS
19,Fernández Vélez Alfredo Enrique,JUEVES,1,1,1,06:30,07:15,CLASE,0801,TEI,,,,,0801-TEI
35,Ortiz Araujo Adiela Carlota,JUEVES,1,1,1,06:30,07:15,CLASE,0802,CSI,,,,Sociales / Inglés (alternan cada semana),0802-CSI
22,González Castillo Jólmer Jimy,JUEVES,1,1,1,06:30,07:15,CLASE,0901,ERD,,,,,0901-ERD
28,Meza Banguera Gladys Alicia,JUEVES,1,1,1,06:30,07:15,CLASE,1001,CAS,,,,,1001-CAS
43,Ramírez Guerra Jimmy Eduardo,JUEVES,1,1,1,06:30,07:15,CLASE,1002,ERD,,,,,1002-ERD
2,Angulo Lucero Andrés Mauricio,JUEVES,1,1,1,06:30,07:15,CLASE,1101,TEI,,,,,1101-TEI
53,Villota Rubio Héctor Hugo,JUEVES,1,1,1,06:30,07:15,CLASE,1102,CNA,,,,,1102-CNA
38,Preciado Torres Oleisa,JUEVES,1,1,1,06:30,07:15,CLASE,CS201,MAT,,,,,CS201-MAT
9,Castillo Angulo Martha Cecilia,JUEVES,1,1,1,06:30,07:15,CLASE,CS202,ETR,,,,Ética / Religión (alternan cada semana),CS202-ETR
56,Ortiz Estacio Martha Cecilia,JUEVES,1,1,1,06:30,07:15,TUTORIA,PTAFI,TUTORÍA PTAFI,,,,Jornada 06:30 a 12:00,
44,Samaniego Angulo Flor Mireya,JUEVES,1,1,1,06:30,07:15,ENFASIS,,ART,0701,0701,Valverde Montaño María Teresa (CAS),PAREJA: comparten el énfasis y alternan por semana,ENFASIS-0701
51,Valverde Montaño María Teresa,JUEVES,1,1,1,06:30,07:15,ENFASIS,,CAS,0701,0701,Samaniego Angulo Flor Mireya (ART),PAREJA: comparten el énfasis y alternan por semana,ENFASIS-0701
34,Ordóñez Tenorio Jaime Marcial,JUEVES,1,1,1,06:30,07:15,ENFASIS,,CNA,0702,0702,Armero Dájome Jesús (ERD),PAREJA: comparten el énfasis y alternan por semana,ENFASIS-0702
57,Armero Dájome Jesús,JUEVES,1,1,1,06:30,07:15,ENFASIS,,ERD,0702,0702,Ordóñez Tenorio Jaime Marcial (CNA),PAREJA: comparten el énfasis y alternan por semana,ENFASIS-0702
8,Casanova Quiñones Yoli del Carmen,JUEVES,1,1,1,06:30,07:15,ENFASIS,,ETR,0703,0703,Quintero Ramírez María del Carmen (CSI),PAREJA: comparten el énfasis y alternan por semana,ENFASIS-0703
41,Quintero Ramírez María del Carmen,JUEVES,1,1,1,06:30,07:15,ENFASIS,,CSI,0703,0703,Casanova Quiñones Yoli del Carmen (ETR),PAREJA: comparten el énfasis y alternan por semana,ENFASIS-0703
5,Bastidas Valencia Zeneida Judith,JUEVES,1,1,1,06:30,07:15,ENFASIS,,MAT,0902,0902,Betancourth Ocampo Yohana Patricia (CSI); Estacio Estupiñán Rosario (ETR); Mindineros Satizábal John Jáver (TEI),EQUIPO DE 4: cada docente atiende un grupo de estudiantes en su área,ENFASIS-0902
6,Betancourth Ocampo Yohana Patricia,JUEVES,1,1,1,06:30,07:15,ENFASIS,,CSI,0902,0902,Estacio Estupiñán Rosario (ETR); Bastidas Valencia Zeneida Judith (MAT); Mindineros Satizábal John Jáver (TEI),EQUIPO DE 4: cada docente atiende un grupo de estudiantes en su área,ENFASIS-0902
18,Estacio Estupiñán Rosario,JUEVES,1,1,1,06:30,07:15,ENFASIS,,ETR,0902,0902,Betancourth Ocampo Yohana Patricia (CSI); Bastidas Valencia Zeneida Judith (MAT); Mindineros Satizábal John Jáver (TEI),EQUIPO DE 4: cada docente atiende un grupo de estudiantes en su área,ENFASIS-0902
29,Mindineros Satizábal John Jáver,JUEVES,1,1,1,06:30,07:15,ENFASIS,,TEI,0902,0902,Betancourth Ocampo Yohana Patricia (CSI); Estacio Estupiñán Rosario (ETR); Bastidas Valencia Zeneida Judith (MAT),EQUIPO DE 4: cada docente atiende un grupo de estudiantes en su área,ENFASIS-0902
20,García Gobea Saydi Magali,JUEVES,1,1,1,06:30,07:15,ENFASIS,,CSI,CS101,CS101,Lozano Torres Amanda Inés (ETR),PAREJA: comparten el énfasis y alternan por semana,ENFASIS-CS101
26,Lozano Torres Amanda Inés,JUEVES,1,1,1,06:30,07:15,ENFASIS,,ETR,CS101,CS101,García Gobea Saydi Magali (CSI),PAREJA: comparten el énfasis y alternan por semana,ENFASIS-CS101
1,Aguirre Riascos Jorge Andrés,JUEVES,1,1,1,06:30,07:15,ENFASIS,,TEI,CS102,CS102,Vásquez Valencia Segundo Leoncio (MAT),PAREJA: comparten el énfasis y alternan por semana,ENFASIS-CS102
52,Vásquez Valencia Segundo Leoncio,JUEVES,1,1,1,06:30,07:15,ENFASIS,,MAT,CS102,CS102,Aguirre Riascos Jorge Andrés (TEI),PAREJA: comparten el énfasis y alternan por semana,ENFASIS-CS102
50,Valencia Solís Gloria Alexa,JUEVES,2,1,2,07:15,08:00,AREAS_MULTIPLES,0001,ÁREAS MÚLTIPLES,,,,Maestro de aula: todas las áreas con su grupo,
27,Martínez Álvarez Andrea Ascención,JUEVES,2,1,2,07:15,08:00,AREAS_MULTIPLES,0002,ÁREAS MÚLTIPLES,,,,Maestro de aula: todas las áreas con su grupo,
23,Landázuri Quiñones María Elia,JUEVES,2,1,2,07:15,08:00,AREAS_MULTIPLES,0101,ÁREAS MÚLTIPLES,,,,Maestro de aula: todas las áreas con su grupo,
45,Sinisterra Ana Lucía,JUEVES,2,1,2,07:15,08:00,AREAS_MULTIPLES,0102,ÁREAS MÚLTIPLES,,,,Maestro de aula: todas las áreas con su grupo,
13,Cortés Salazar María Ebelice,JUEVES,2,1,2,07:15,08:00,AREAS_MULTIPLES,0201,ÁREAS MÚLTIPLES,,,,Maestro de aula: todas las áreas con su grupo,
21,Garzón Quiñones Sixta Janina,JUEVES,2,1,2,07:15,08:00,AREAS_MULTIPLES,0202,ÁREAS MÚLTIPLES,,,,Maestro de aula: todas las áreas con su grupo,
46,Tenorio Cuero Lucy Bivian,JUEVES,2,1,2,07:15,08:00,AREAS_MULTIPLES,0203,ÁREAS MÚLTIPLES,,,,Maestro de aula: todas las áreas con su grupo,
48,Torres Segura Encarnación,JUEVES,2,1,2,07:15,08:00,AREAS_MULTIPLES,0301,ÁREAS MÚLTIPLES,,,,Maestro de aula: todas las áreas con su grupo,
24,Landázuri Gallón Teresa,JUEVES,2,1,2,07:15,08:00,AREAS_MULTIPLES,0302,ÁREAS MÚLTIPLES,,,,Maestro de aula: todas las áreas con su grupo,
55,Zamora Ordóñez Celia Pastora,JUEVES,2,1,2,07:15,08:00,AREAS_MULTIPLES,0401,ÁREAS MÚLTIPLES,,,,Maestro de aula: todas las áreas con su grupo,
33,Núñez Perlaza Elcy,JUEVES,2,1,2,07:15,08:00,AREAS_MULTIPLES,0402,ÁREAS MÚLTIPLES,,,,Maestro de aula: todas las áreas con su grupo,
14,Cuéllar Gallo Nemesia,JUEVES,2,1,2,07:15,08:00,AREAS_MULTIPLES,0501,ÁREAS MÚLTIPLES,,,,Maestro de aula: todas las áreas con su grupo,
11,Centeno Zúñiga Claudia Patricia,JUEVES,2,1,2,07:15,08:00,AREAS_MULTIPLES,0502,ÁREAS MÚLTIPLES,,,,Maestro de aula: todas las áreas con su grupo,
32,Narváez Sánchez Dora Alejandra,JUEVES,2,1,2,07:15,08:00,AREAS_MULTIPLES,0503,ÁREAS MÚLTIPLES,,,,Maestro de aula: todas las áreas con su grupo,
17,Escobar Cortés Liliana,JUEVES,2,1,2,07:15,08:00,AREAS_MULTIPLES,0504,ÁREAS MÚLTIPLES,,,,Maestro de aula: todas las áreas con su grupo,
42,Quiñones Cabezas Marcos Vidal,JUEVES,2,1,2,07:15,08:00,CLASE,0601,MAT,,,,,0601-MAT
16,Cuero Rincón Hernando Jesús,JUEVES,2,1,2,07:15,08:00,CLASE,0602,TEI,,,,,0602-TEI
10,Castillo Cuero Daira Eneida,JUEVES,2,1,2,07:15,08:00,CLASE,0704,CAS,,,,,0704-CAS
19,Fernández Vélez Alfredo Enrique,JUEVES,2,1,2,07:15,08:00,CLASE,0801,TEI,,,,,0801-TEI
35,Ortiz Araujo Adiela Carlota,JUEVES,2,1,2,07:15,08:00,CLASE,0802,CSI,,,,Sociales / Inglés (alternan cada semana),0802-CSI
22,González Castillo Jólmer Jimy,JUEVES,2,1,2,07:15,08:00,CLASE,0901,ERD,,,,,0901-ERD
28,Meza Banguera Gladys Alicia,JUEVES,2,1,2,07:15,08:00,CLASE,1001,CAS,,,,,1001-CAS
43,Ramírez Guerra Jimmy Eduardo,JUEVES,2,1,2,07:15,08:00,CLASE,1002,ERD,,,,,1002-ERD
2,Angulo Lucero Andrés Mauricio,JUEVES,2,1,2,07:15,08:00,CLASE,1101,TEI,,,,,1101-TEI
53,Villota Rubio Héctor Hugo,JUEVES,2,1,2,07:15,08:00,CLASE,1102,CNA,,,,,1102-CNA
38,Preciado Torres Oleisa,JUEVES,2,1,2,07:15,08:00,CLASE,CS201,MAT,,,,,CS201-MAT
9,Castillo Angulo Martha Cecilia,JUEVES,2,1,2,07:15,08:00,CLASE,CS202,ETR,,,,Ética / Religión (alternan cada semana),CS202-ETR
7,Casanova Casanova Johana Andrea,JUEVES,2,1,2,07:15,08:00,ORIENTACION,ORIENT,ORIENTACIÓN ESCOLAR,,,,Jornada 07:30 a 14:30,
56,Ortiz Estacio Martha Cecilia,JUEVES,2,1,2,07:15,08:00,TUTORIA,PTAFI,TUTORÍA PTAFI,,,,Jornada 06:30 a 12:00,
44,Samaniego Angulo Flor Mireya,JUEVES,2,1,2,07:15,08:00,ENFASIS,,ART,0701,0701,Valverde Montaño María Teresa (CAS),PAREJA: comparten el énfasis y alternan por semana,ENFASIS-0701
51,Valverde Montaño María Teresa,JUEVES,2,1,2,07:15,08:00,ENFASIS,,CAS,0701,0701,Samaniego Angulo Flor Mireya (ART),PAREJA: comparten el énfasis y alternan por semana,ENFASIS-0701
34,Ordóñez Tenorio Jaime Marcial,JUEVES,2,1,2,07:15,08:00,ENFASIS,,CNA,0702,0702,Armero Dájome Jesús (ERD),PAREJA: comparten el énfasis y alternan por semana,ENFASIS-0702
57,Armero Dájome Jesús,JUEVES,2,1,2,07:15,08:00,ENFASIS,,ERD,0702,0702,Ordóñez Tenorio Jaime Marcial (CNA),PAREJA: comparten el énfasis y alternan por semana,ENFASIS-0702
8,Casanova Quiñones Yoli del Carmen,JUEVES,2,1,2,07:15,08:00,ENFASIS,,ETR,0703,0703,Quintero Ramírez María del Carmen (CSI),PAREJA: comparten el énfasis y alternan por semana,ENFASIS-0703
41,Quintero Ramírez María del Carmen,JUEVES,2,1,2,07:15,08:00,ENFASIS,,CSI,0703,0703,Casanova Quiñones Yoli del Carmen (ETR),PAREJA: comparten el énfasis y alternan por semana,ENFASIS-0703
5,Bastidas Valencia Zeneida Judith,JUEVES,2,1,2,07:15,08:00,ENFASIS,,MAT,0902,0902,Betancourth Ocampo Yohana Patricia (CSI); Estacio Estupiñán Rosario (ETR); Mindineros Satizábal John Jáver (TEI),EQUIPO DE 4: cada docente atiende un grupo de estudiantes en su área,ENFASIS-0902
6,Betancourth Ocampo Yohana Patricia,JUEVES,2,1,2,07:15,08:00,ENFASIS,,CSI,0902,0902,Estacio Estupiñán Rosario (ETR); Bastidas Valencia Zeneida Judith (MAT); Mindineros Satizábal John Jáver (TEI),EQUIPO DE 4: cada docente atiende un grupo de estudiantes en su área,ENFASIS-0902
18,Estacio Estupiñán Rosario,JUEVES,2,1,2,07:15,08:00,ENFASIS,,ETR,0902,0902,Betancourth Ocampo Yohana Patricia (CSI); Bastidas Valencia Zeneida Judith (MAT); Mindineros Satizábal John Jáver (TEI),EQUIPO DE 4: cada docente atiende un grupo de estudiantes en su área,ENFASIS-0902
29,Mindineros Satizábal John Jáver,JUEVES,2,1,2,07:15,08:00,ENFASIS,,TEI,0902,0902,Betancourth Ocampo Yohana Patricia (CSI); Estacio Estupiñán Rosario (ETR); Bastidas Valencia Zeneida Judith (MAT),EQUIPO DE 4: cada docente atiende un grupo de estudiantes en su área,ENFASIS-0902
20,García Gobea Saydi Magali,JUEVES,2,1,2,07:15,08:00,ENFASIS,,CSI,CS101,CS101,Lozano Torres Amanda Inés (ETR),PAREJA: comparten el énfasis y alternan por semana,ENFASIS-CS101
26,Lozano Torres Amanda Inés,JUEVES,2,1,2,07:15,08:00,ENFASIS,,ETR,CS101,CS101,García Gobea Saydi Magali (CSI),PAREJA: comparten el énfasis y alternan por semana,ENFASIS-CS101
1,Aguirre Riascos Jorge Andrés,JUEVES,2,1,2,07:15,08:00,ENFASIS,,TEI,CS102,CS102,Vásquez Valencia Segundo Leoncio (MAT),PAREJA: comparten el énfasis y alternan por semana,ENFASIS-CS102
52,Vásquez Valencia Segundo Leoncio,JUEVES,2,1,2,07:15,08:00,ENFASIS,,MAT,CS102,CS102,Aguirre Riascos Jorge Andrés (TEI),PAREJA: comparten el énfasis y alternan por semana,ENFASIS-CS102
50,Valencia Solís Gloria Alexa,JUEVES,3,2,1,08:20,09:05,AREAS_MULTIPLES,0001,ÁREAS MÚLTIPLES,,,,Maestro de aula: todas las áreas con su grupo,
27,Martínez Álvarez Andrea Ascención,JUEVES,3,2,1,08:20,09:05,AREAS_MULTIPLES,0002,ÁREAS MÚLTIPLES,,,,Maestro de aula: todas las áreas con su grupo,
23,Landázuri Quiñones María Elia,JUEVES,3,2,1,08:20,09:05,AREAS_MULTIPLES,0101,ÁREAS MÚLTIPLES,,,,Maestro de aula: todas las áreas con su grupo,
45,Sinisterra Ana Lucía,JUEVES,3,2,1,08:20,09:05,AREAS_MULTIPLES,0102,ÁREAS MÚLTIPLES,,,,Maestro de aula: todas las áreas con su grupo,
13,Cortés Salazar María Ebelice,JUEVES,3,2,1,08:20,09:05,AREAS_MULTIPLES,0201,ÁREAS MÚLTIPLES,,,,Maestro de aula: todas las áreas con su grupo,
21,Garzón Quiñones Sixta Janina,JUEVES,3,2,1,08:20,09:05,AREAS_MULTIPLES,0202,ÁREAS MÚLTIPLES,,,,Maestro de aula: todas las áreas con su grupo,
46,Tenorio Cuero Lucy Bivian,JUEVES,3,2,1,08:20,09:05,AREAS_MULTIPLES,0203,ÁREAS MÚLTIPLES,,,,Maestro de aula: todas las áreas con su grupo,
48,Torres Segura Encarnación,JUEVES,3,2,1,08:20,09:05,AREAS_MULTIPLES,0301,ÁREAS MÚLTIPLES,,,,Maestro de aula: todas las áreas con su grupo,
24,Landázuri Gallón Teresa,JUEVES,3,2,1,08:20,09:05,AREAS_MULTIPLES,0302,ÁREAS MÚLTIPLES,,,,Maestro de aula: todas las áreas con su grupo,
55,Zamora Ordóñez Celia Pastora,JUEVES,3,2,1,08:20,09:05,AREAS_MULTIPLES,0401,ÁREAS MÚLTIPLES,,,,Maestro de aula: todas las áreas con su grupo,
33,Núñez Perlaza Elcy,JUEVES,3,2,1,08:20,09:05,AREAS_MULTIPLES,0402,ÁREAS MÚLTIPLES,,,,Maestro de aula: todas las áreas con su grupo,
14,Cuéllar Gallo Nemesia,JUEVES,3,2,1,08:20,09:05,AREAS_MULTIPLES,0501,ÁREAS MÚLTIPLES,,,,Maestro de aula: todas las áreas con su grupo,
11,Centeno Zúñiga Claudia Patricia,JUEVES,3,2,1,08:20,09:05,AREAS_MULTIPLES,0502,ÁREAS MÚLTIPLES,,,,Maestro de aula: todas las áreas con su grupo,
32,Narváez Sánchez Dora Alejandra,JUEVES,3,2,1,08:20,09:05,AREAS_MULTIPLES,0503,ÁREAS MÚLTIPLES,,,,Maestro de aula: todas las áreas con su grupo,
17,Escobar Cortés Liliana,JUEVES,3,2,1,08:20,09:05,AREAS_MULTIPLES,0504,ÁREAS MÚLTIPLES,,,,Maestro de aula: todas las áreas con su grupo,
4,Arizala Castro Roberto Carlos,JUEVES,3,2,1,08:20,09:05,CLASE,0601,ERD,,,,,0601-ERD
26,Lozano Torres Amanda Inés,JUEVES,3,2,1,08:20,09:05,CLASE,0602,ETR,,,,Ética / Religión (alternan cada semana),0602-ETR
57,Armero Dájome Jesús,JUEVES,3,2,1,08:20,09:05,CLASE,0701,ERD,,,,,0701-ERD
52,Vásquez Valencia Segundo Leoncio,JUEVES,3,2,1,08:20,09:05,CLASE,0702,MAT,,,,,0702-MAT
41,Quintero Ramírez María del Carmen,JUEVES,3,2,1,08:20,09:05,CLASE,0703,CSI,,,,Sociales / Inglés (alternan cada semana),0703-CSI
8,Casanova Quiñones Yoli del Carmen,JUEVES,3,2,1,08:20,09:05,CLASE,0704,ETR,,,,Ética / Religión (alternan cada semana),0704-ETR
44,Samaniego Angulo Flor Mireya,JUEVES,3,2,1,08:20,09:05,CLASE,0801,ART,,,,,0801-ART
15,Cuero Bamba Berte Levi,JUEVES,3,2,1,08:20,09:05,CLASE,0802,ERD,,,,,0802-ERD
5,Bastidas Valencia Zeneida Judith,JUEVES,3,2,1,08:20,09:05,CLASE,0901,MAT,,,,,0901-MAT
28,Meza Banguera Gladys Alicia,JUEVES,3,2,1,08:20,09:05,CLASE,0902,CAS,,,,,0902-CAS
18,Estacio Estupiñán Rosario,JUEVES,3,2,1,08:20,09:05,CLASE,1001,ETR,,,,Ética / Religión (alternan cada semana),1001-ETR
40,Pulgarín Ortiz César Marino,JUEVES,3,2,1,08:20,09:05,CLASE,1002,CSI,,,,Sociales / Inglés (alternan cada semana),1002-CSI
54,Villota Rubio Janeth del Carmen,JUEVES,3,2,1,08:20,09:05,CLASE,1102,MAT,,,,,1102-MAT
37,Prado Quiñones Genís Maribel,JUEVES,3,2,1,08:20,09:05,CLASE,CS101,ART,,,,,CS101-ART
42,Quiñones Cabezas Marcos Vidal,JUEVES,3,2,1,08:20,09:05,CLASE,CS102,TEI,,,,,CS102-TEI
9,Castillo Angulo Martha Cecilia,JUEVES,3,2,1,08:20,09:05,CLASE,CS201,ETR,,,,Ética / Religión (alternan cada semana),CS201-ETR
51,Valverde Montaño María Teresa,JUEVES,3,2,1,08:20,09:05,CLASE,CS202,CAS,,,,,CS202-CAS
7,Casanova Casanova Johana Andrea,JUEVES,3,2,1,08:20,09:05,ORIENTACION,ORIENT,ORIENTACIÓN ESCOLAR,,,,Jornada 07:30 a 14:30,
36,Ponce Moncayo Ángela Paola,JUEVES,3,2,1,08:20,09:05,ORIENTACION,ORIENT,ORIENTACIÓN ESCOLAR,,,,Jornada 08:30 a 13:30,
56,Ortiz Estacio Martha Cecilia,JUEVES,3,2,1,08:20,09:05,TUTORIA,PTAFI,TUTORÍA PTAFI,,,,Jornada 06:30 a 12:00,
3,Arboleda Ortiz Luz América,JUEVES,3,2,1,08:20,09:05,ENFASIS,,ART,D5-11°,1101,Montaño Anchico Favio Héctor (CAS); Ramírez Guerra Jimmy Eduardo (ERD); Villota Rubio Héctor Hugo (CNA),EQUIPO DE 4: cada docente atiende un grupo de estudiantes en su área,ENFASIS-D5-11°
30,Montaño Anchico Favio Héctor,JUEVES,3,2,1,08:20,09:05,ENFASIS,,CAS,D5-11°,1101,Arboleda Ortiz Luz América (ART); Ramírez Guerra Jimmy Eduardo (ERD); Villota Rubio Héctor Hugo (CNA),EQUIPO DE 4: cada docente atiende un grupo de estudiantes en su área,ENFASIS-D5-11°
43,Ramírez Guerra Jimmy Eduardo,JUEVES,3,2,1,08:20,09:05,ENFASIS,,ERD,D5-11°,1101,Arboleda Ortiz Luz América (ART); Montaño Anchico Favio Héctor (CAS); Villota Rubio Héctor Hugo (CNA),EQUIPO DE 4: cada docente atiende un grupo de estudiantes en su área,ENFASIS-D5-11°
53,Villota Rubio Héctor Hugo,JUEVES,3,2,1,08:20,09:05,ENFASIS,,CNA,D5-11°,1101,Arboleda Ortiz Luz América (ART); Montaño Anchico Favio Héctor (CAS); Ramírez Guerra Jimmy Eduardo (ERD),EQUIPO DE 4: cada docente atiende un grupo de estudiantes en su área,ENFASIS-D5-11°
50,Valencia Solís Gloria Alexa,JUEVES,4,2,2,09:05,09:50,AREAS_MULTIPLES,0001,ÁREAS MÚLTIPLES,,,,Maestro de aula: todas las áreas con su grupo,
27,Martínez Álvarez Andrea Ascención,JUEVES,4,2,2,09:05,09:50,AREAS_MULTIPLES,0002,ÁREAS MÚLTIPLES,,,,Maestro de aula: todas las áreas con su grupo,
23,Landázuri Quiñones María Elia,JUEVES,4,2,2,09:05,09:50,AREAS_MULTIPLES,0101,ÁREAS MÚLTIPLES,,,,Maestro de aula: todas las áreas con su grupo,
45,Sinisterra Ana Lucía,JUEVES,4,2,2,09:05,09:50,AREAS_MULTIPLES,0102,ÁREAS MÚLTIPLES,,,,Maestro de aula: todas las áreas con su grupo,
13,Cortés Salazar María Ebelice,JUEVES,4,2,2,09:05,09:50,AREAS_MULTIPLES,0201,ÁREAS MÚLTIPLES,,,,Maestro de aula: todas las áreas con su grupo,
21,Garzón Quiñones Sixta Janina,JUEVES,4,2,2,09:05,09:50,AREAS_MULTIPLES,0202,ÁREAS MÚLTIPLES,,,,Maestro de aula: todas las áreas con su grupo,
46,Tenorio Cuero Lucy Bivian,JUEVES,4,2,2,09:05,09:50,AREAS_MULTIPLES,0203,ÁREAS MÚLTIPLES,,,,Maestro de aula: todas las áreas con su grupo,
48,Torres Segura Encarnación,JUEVES,4,2,2,09:05,09:50,AREAS_MULTIPLES,0301,ÁREAS MÚLTIPLES,,,,Maestro de aula: todas las áreas con su grupo,
24,Landázuri Gallón Teresa,JUEVES,4,2,2,09:05,09:50,AREAS_MULTIPLES,0302,ÁREAS MÚLTIPLES,,,,Maestro de aula: todas las áreas con su grupo,
55,Zamora Ordóñez Celia Pastora,JUEVES,4,2,2,09:05,09:50,AREAS_MULTIPLES,0401,ÁREAS MÚLTIPLES,,,,Maestro de aula: todas las áreas con su grupo,
33,Núñez Perlaza Elcy,JUEVES,4,2,2,09:05,09:50,AREAS_MULTIPLES,0402,ÁREAS MÚLTIPLES,,,,Maestro de aula: todas las áreas con su grupo,
14,Cuéllar Gallo Nemesia,JUEVES,4,2,2,09:05,09:50,AREAS_MULTIPLES,0501,ÁREAS MÚLTIPLES,,,,Maestro de aula: todas las áreas con su grupo,
11,Centeno Zúñiga Claudia Patricia,JUEVES,4,2,2,09:05,09:50,AREAS_MULTIPLES,0502,ÁREAS MÚLTIPLES,,,,Maestro de aula: todas las áreas con su grupo,
32,Narváez Sánchez Dora Alejandra,JUEVES,4,2,2,09:05,09:50,AREAS_MULTIPLES,0503,ÁREAS MÚLTIPLES,,,,Maestro de aula: todas las áreas con su grupo,
17,Escobar Cortés Liliana,JUEVES,4,2,2,09:05,09:50,AREAS_MULTIPLES,0504,ÁREAS MÚLTIPLES,,,,Maestro de aula: todas las áreas con su grupo,
4,Arizala Castro Roberto Carlos,JUEVES,4,2,2,09:05,09:50,CLASE,0601,ERD,,,,,0601-ERD
26,Lozano Torres Amanda Inés,JUEVES,4,2,2,09:05,09:50,CLASE,0602,ETR,,,,Ética / Religión (alternan cada semana),0602-ETR
57,Armero Dájome Jesús,JUEVES,4,2,2,09:05,09:50,CLASE,0701,ERD,,,,,0701-ERD
52,Vásquez Valencia Segundo Leoncio,JUEVES,4,2,2,09:05,09:50,CLASE,0702,MAT,,,,,0702-MAT
41,Quintero Ramírez María del Carmen,JUEVES,4,2,2,09:05,09:50,CLASE,0703,CSI,,,,Sociales / Inglés (alternan cada semana),0703-CSI
8,Casanova Quiñones Yoli del Carmen,JUEVES,4,2,2,09:05,09:50,CLASE,0704,ETR,,,,Ética / Religión (alternan cada semana),0704-ETR
44,Samaniego Angulo Flor Mireya,JUEVES,4,2,2,09:05,09:50,CLASE,0801,ART,,,,,0801-ART
15,Cuero Bamba Berte Levi,JUEVES,4,2,2,09:05,09:50,CLASE,0802,ERD,,,,,0802-ERD
5,Bastidas Valencia Zeneida Judith,JUEVES,4,2,2,09:05,09:50,CLASE,0901,MAT,,,,,0901-MAT
28,Meza Banguera Gladys Alicia,JUEVES,4,2,2,09:05,09:50,CLASE,0902,CAS,,,,,0902-CAS
18,Estacio Estupiñán Rosario,JUEVES,4,2,2,09:05,09:50,CLASE,1001,ETR,,,,Ética / Religión (alternan cada semana),1001-ETR
40,Pulgarín Ortiz César Marino,JUEVES,4,2,2,09:05,09:50,CLASE,1002,CSI,,,,Sociales / Inglés (alternan cada semana),1002-CSI
54,Villota Rubio Janeth del Carmen,JUEVES,4,2,2,09:05,09:50,CLASE,1102,MAT,,,,,1102-MAT
37,Prado Quiñones Genís Maribel,JUEVES,4,2,2,09:05,09:50,CLASE,CS101,ART,,,,,CS101-ART
42,Quiñones Cabezas Marcos Vidal,JUEVES,4,2,2,09:05,09:50,CLASE,CS102,TEI,,,,,CS102-TEI
9,Castillo Angulo Martha Cecilia,JUEVES,4,2,2,09:05,09:50,CLASE,CS201,ETR,,,,Ética / Religión (alternan cada semana),CS201-ETR
51,Valverde Montaño María Teresa,JUEVES,4,2,2,09:05,09:50,CLASE,CS202,CAS,,,,,CS202-CAS
7,Casanova Casanova Johana Andrea,JUEVES,4,2,2,09:05,09:50,ORIENTACION,ORIENT,ORIENTACIÓN ESCOLAR,,,,Jornada 07:30 a 14:30,
36,Ponce Moncayo Ángela Paola,JUEVES,4,2,2,09:05,09:50,ORIENTACION,ORIENT,ORIENTACIÓN ESCOLAR,,,,Jornada 08:30 a 13:30,
56,Ortiz Estacio Martha Cecilia,JUEVES,4,2,2,09:05,09:50,TUTORIA,PTAFI,TUTORÍA PTAFI,,,,Jornada 06:30 a 12:00,
3,Arboleda Ortiz Luz América,JUEVES,4,2,2,09:05,09:50,ENFASIS,,ART,D5-11°,1101,Montaño Anchico Favio Héctor (CAS); Ramírez Guerra Jimmy Eduardo (ERD); Villota Rubio Héctor Hugo (CNA),EQUIPO DE 4: cada docente atiende un grupo de estudiantes en su área,ENFASIS-D5-11°
30,Montaño Anchico Favio Héctor,JUEVES,4,2,2,09:05,09:50,ENFASIS,,CAS,D5-11°,1101,Arboleda Ortiz Luz América (ART); Ramírez Guerra Jimmy Eduardo (ERD); Villota Rubio Héctor Hugo (CNA),EQUIPO DE 4: cada docente atiende un grupo de estudiantes en su área,ENFASIS-D5-11°
43,Ramírez Guerra Jimmy Eduardo,JUEVES,4,2,2,09:05,09:50,ENFASIS,,ERD,D5-11°,1101,Arboleda Ortiz Luz América (ART); Montaño Anchico Favio Héctor (CAS); Villota Rubio Héctor Hugo (CNA),EQUIPO DE 4: cada docente atiende un grupo de estudiantes en su área,ENFASIS-D5-11°
53,Villota Rubio Héctor Hugo,JUEVES,4,2,2,09:05,09:50,ENFASIS,,CNA,D5-11°,1101,Arboleda Ortiz Luz América (ART); Montaño Anchico Favio Héctor (CAS); Ramírez Guerra Jimmy Eduardo (ERD),EQUIPO DE 4: cada docente atiende un grupo de estudiantes en su área,ENFASIS-D5-11°
50,Valencia Solís Gloria Alexa,JUEVES,5,3,1,10:10,10:55,AREAS_MULTIPLES,0001,ÁREAS MÚLTIPLES,,,,Maestro de aula: todas las áreas con su grupo,
27,Martínez Álvarez Andrea Ascención,JUEVES,5,3,1,10:10,10:55,AREAS_MULTIPLES,0002,ÁREAS MÚLTIPLES,,,,Maestro de aula: todas las áreas con su grupo,
23,Landázuri Quiñones María Elia,JUEVES,5,3,1,10:10,10:55,AREAS_MULTIPLES,0101,ÁREAS MÚLTIPLES,,,,Maestro de aula: todas las áreas con su grupo,
45,Sinisterra Ana Lucía,JUEVES,5,3,1,10:10,10:55,AREAS_MULTIPLES,0102,ÁREAS MÚLTIPLES,,,,Maestro de aula: todas las áreas con su grupo,
13,Cortés Salazar María Ebelice,JUEVES,5,3,1,10:10,10:55,AREAS_MULTIPLES,0201,ÁREAS MÚLTIPLES,,,,Maestro de aula: todas las áreas con su grupo,
21,Garzón Quiñones Sixta Janina,JUEVES,5,3,1,10:10,10:55,AREAS_MULTIPLES,0202,ÁREAS MÚLTIPLES,,,,Maestro de aula: todas las áreas con su grupo,
46,Tenorio Cuero Lucy Bivian,JUEVES,5,3,1,10:10,10:55,AREAS_MULTIPLES,0203,ÁREAS MÚLTIPLES,,,,Maestro de aula: todas las áreas con su grupo,
48,Torres Segura Encarnación,JUEVES,5,3,1,10:10,10:55,AREAS_MULTIPLES,0301,ÁREAS MÚLTIPLES,,,,Maestro de aula: todas las áreas con su grupo,
24,Landázuri Gallón Teresa,JUEVES,5,3,1,10:10,10:55,AREAS_MULTIPLES,0302,ÁREAS MÚLTIPLES,,,,Maestro de aula: todas las áreas con su grupo,
55,Zamora Ordóñez Celia Pastora,JUEVES,5,3,1,10:10,10:55,AREAS_MULTIPLES,0401,ÁREAS MÚLTIPLES,,,,Maestro de aula: todas las áreas con su grupo,
33,Núñez Perlaza Elcy,JUEVES,5,3,1,10:10,10:55,AREAS_MULTIPLES,0402,ÁREAS MÚLTIPLES,,,,Maestro de aula: todas las áreas con su grupo,
14,Cuéllar Gallo Nemesia,JUEVES,5,3,1,10:10,10:55,AREAS_MULTIPLES,0501,ÁREAS MÚLTIPLES,,,,Maestro de aula: todas las áreas con su grupo,
11,Centeno Zúñiga Claudia Patricia,JUEVES,5,3,1,10:10,10:55,AREAS_MULTIPLES,0502,ÁREAS MÚLTIPLES,,,,Maestro de aula: todas las áreas con su grupo,
32,Narváez Sánchez Dora Alejandra,JUEVES,5,3,1,10:10,10:55,AREAS_MULTIPLES,0503,ÁREAS MÚLTIPLES,,,,Maestro de aula: todas las áreas con su grupo,
17,Escobar Cortés Liliana,JUEVES,5,3,1,10:10,10:55,AREAS_MULTIPLES,0504,ÁREAS MÚLTIPLES,,,,Maestro de aula: todas las áreas con su grupo,
20,García Gobea Saydi Magali,JUEVES,5,3,1,10:10,10:55,CLASE,0601,CSI,,,,Sociales / Inglés (alternan cada semana),0601-CSI
42,Quiñones Cabezas Marcos Vidal,JUEVES,5,3,1,10:10,10:55,CLASE,0602,MAT,,,,,0602-MAT
1,Aguirre Riascos Jorge Andrés,JUEVES,5,3,1,10:10,10:55,CLASE,0701,TEI,,,,,0701-TEI
57,Armero Dájome Jesús,JUEVES,5,3,1,10:10,10:55,CLASE,0702,ERD,,,,,0702-ERD
10,Castillo Cuero Daira Eneida,JUEVES,5,3,1,10:10,10:55,CLASE,0703,CAS,,,,,0703-CAS
9,Castillo Angulo Martha Cecilia,JUEVES,5,3,1,10:10,10:55,CLASE,0802,ETR,,,,Ética / Religión (alternan cada semana),0802-ETR
25,Lemos Guancha Miriam,JUEVES,5,3,1,10:10,10:55,CLASE,0901,CNA,,,,,0901-CNA
22,González Castillo Jólmer Jimy,JUEVES,5,3,1,10:10,10:55,CLASE,0902,ERD,,,,,0902-ERD
49,Valencia Marínez Saidy Eufemia,JUEVES,5,3,1,10:10,10:55,CLASE,1001,ART,,,,,1001-ART
53,Villota Rubio Héctor Hugo,JUEVES,5,3,1,10:10,10:55,CLASE,1101,CNA,,,,,1101-CNA
43,Ramírez Guerra Jimmy Eduardo,JUEVES,5,3,1,10:10,10:55,CLASE,1102,ERD,,,,,1102-ERD
16,Cuero Rincón Hernando Jesús,JUEVES,5,3,1,10:10,10:55,CLASE,CS101,CAS,,,,,CS101-CAS
4,Arizala Castro Roberto Carlos,JUEVES,5,3,1,10:10,10:55,CLASE,CS102,CNA,,,,,CS102-CNA
35,Ortiz Araujo Adiela Carlota,JUEVES,5,3,1,10:10,10:55,CLASE,CS201,CSI,,,,Sociales / Inglés (alternan cada semana),CS201-CSI
7,Casanova Casanova Johana Andrea,JUEVES,5,3,1,10:10,10:55,ORIENTACION,ORIENT,ORIENTACIÓN ESCOLAR,,,,Jornada 07:30 a 14:30,
36,Ponce Moncayo Ángela Paola,JUEVES,5,3,1,10:10,10:55,ORIENTACION,ORIENT,ORIENTACIÓN ESCOLAR,,,,Jornada 08:30 a 13:30,
56,Ortiz Estacio Martha Cecilia,JUEVES,5,3,1,10:10,10:55,TUTORIA,PTAFI,TUTORÍA PTAFI,,,,Jornada 06:30 a 12:00,
19,Fernández Vélez Alfredo Enrique,JUEVES,5,3,1,10:10,10:55,ENFASIS,,TEI,0704,0704,Preciado Torres Oleisa (MAT),PAREJA: comparten el énfasis y alternan por semana,ENFASIS-0704
38,Preciado Torres Oleisa,JUEVES,5,3,1,10:10,10:55,ENFASIS,,MAT,0704,0704,Fernández Vélez Alfredo Enrique (TEI),PAREJA: comparten el énfasis y alternan por semana,ENFASIS-0704
12,Chillambo Quiñones María Rocío,JUEVES,5,3,1,10:10,10:55,ENFASIS,,CNA,0801,0801,Samaniego Angulo Flor Mireya (ART); Valverde Montaño María Teresa (CAS); Cuero Bamba Berte Levi (ERD),EQUIPO DE 4: cada docente atiende un grupo de estudiantes en su área,ENFASIS-0801
15,Cuero Bamba Berte Levi,JUEVES,5,3,1,10:10,10:55,ENFASIS,,ERD,0801,0801,Samaniego Angulo Flor Mireya (ART); Valverde Montaño María Teresa (CAS); Chillambo Quiñones María Rocío (CNA),EQUIPO DE 4: cada docente atiende un grupo de estudiantes en su área,ENFASIS-0801
44,Samaniego Angulo Flor Mireya,JUEVES,5,3,1,10:10,10:55,ENFASIS,,ART,0801,0801,Valverde Montaño María Teresa (CAS); Cuero Bamba Berte Levi (ERD); Chillambo Quiñones María Rocío (CNA),EQUIPO DE 4: cada docente atiende un grupo de estudiantes en su área,ENFASIS-0801
51,Valverde Montaño María Teresa,JUEVES,5,3,1,10:10,10:55,ENFASIS,,CAS,0801,0801,Samaniego Angulo Flor Mireya (ART); Cuero Bamba Berte Levi (ERD); Chillambo Quiñones María Rocío (CNA),EQUIPO DE 4: cada docente atiende un grupo de estudiantes en su área,ENFASIS-0801
2,Angulo Lucero Andrés Mauricio,JUEVES,5,3,1,10:10,10:55,ENFASIS,,TEI,D5-10°,1002,Pulgarín Ortiz César Marino (CSI); Montaño Arizala Leidis Claudina (ETR); Villota Rubio Janeth del Carmen (MAT),EQUIPO DE 4: cada docente atiende un grupo de estudiantes en su área,ENFASIS-D5-10°
31,Montaño Arizala Leidis Claudina,JUEVES,5,3,1,10:10,10:55,ENFASIS,,ETR,D5-10°,1002,Pulgarín Ortiz César Marino (CSI); Villota Rubio Janeth del Carmen (MAT); Angulo Lucero Andrés Mauricio (TEI),EQUIPO DE 4: cada docente atiende un grupo de estudiantes en su área,ENFASIS-D5-10°
40,Pulgarín Ortiz César Marino,JUEVES,5,3,1,10:10,10:55,ENFASIS,,CSI,D5-10°,1002,Montaño Arizala Leidis Claudina (ETR); Villota Rubio Janeth del Carmen (MAT); Angulo Lucero Andrés Mauricio (TEI),EQUIPO DE 4: cada docente atiende un grupo de estudiantes en su área,ENFASIS-D5-10°
54,Villota Rubio Janeth del Carmen,JUEVES,5,3,1,10:10,10:55,ENFASIS,,MAT,D5-10°,1002,Pulgarín Ortiz César Marino (CSI); Montaño Arizala Leidis Claudina (ETR); Angulo Lucero Andrés Mauricio (TEI),EQUIPO DE 4: cada docente atiende un grupo de estudiantes en su área,ENFASIS-D5-10°
5,Bastidas Valencia Zeneida Judith,JUEVES,5,3,1,10:10,10:55,ENFASIS,,MAT,CS202,CS202,Betancourth Ocampo Yohana Patricia (CSI); Estacio Estupiñán Rosario (ETR); Mindineros Satizábal John Jáver (TEI),EQUIPO DE 4: cada docente atiende un grupo de estudiantes en su área,ENFASIS-CS202
6,Betancourth Ocampo Yohana Patricia,JUEVES,5,3,1,10:10,10:55,ENFASIS,,CSI,CS202,CS202,Estacio Estupiñán Rosario (ETR); Bastidas Valencia Zeneida Judith (MAT); Mindineros Satizábal John Jáver (TEI),EQUIPO DE 4: cada docente atiende un grupo de estudiantes en su área,ENFASIS-CS202
18,Estacio Estupiñán Rosario,JUEVES,5,3,1,10:10,10:55,ENFASIS,,ETR,CS202,CS202,Betancourth Ocampo Yohana Patricia (CSI); Bastidas Valencia Zeneida Judith (MAT); Mindineros Satizábal John Jáver (TEI),EQUIPO DE 4: cada docente atiende un grupo de estudiantes en su área,ENFASIS-CS202
29,Mindineros Satizábal John Jáver,JUEVES,5,3,1,10:10,10:55,ENFASIS,,TEI,CS202,CS202,Betancourth Ocampo Yohana Patricia (CSI); Estacio Estupiñán Rosario (ETR); Bastidas Valencia Zeneida Judith (MAT),EQUIPO DE 4: cada docente atiende un grupo de estudiantes en su área,ENFASIS-CS202
50,Valencia Solís Gloria Alexa,JUEVES,6,3,2,10:55,11:40,AREAS_MULTIPLES,0001,ÁREAS MÚLTIPLES,,,,Maestro de aula: todas las áreas con su grupo,
27,Martínez Álvarez Andrea Ascención,JUEVES,6,3,2,10:55,11:40,AREAS_MULTIPLES,0002,ÁREAS MÚLTIPLES,,,,Maestro de aula: todas las áreas con su grupo,
23,Landázuri Quiñones María Elia,JUEVES,6,3,2,10:55,11:40,AREAS_MULTIPLES,0101,ÁREAS MÚLTIPLES,,,,Maestro de aula: todas las áreas con su grupo,
45,Sinisterra Ana Lucía,JUEVES,6,3,2,10:55,11:40,AREAS_MULTIPLES,0102,ÁREAS MÚLTIPLES,,,,Maestro de aula: todas las áreas con su grupo,
13,Cortés Salazar María Ebelice,JUEVES,6,3,2,10:55,11:40,AREAS_MULTIPLES,0201,ÁREAS MÚLTIPLES,,,,Maestro de aula: todas las áreas con su grupo,
21,Garzón Quiñones Sixta Janina,JUEVES,6,3,2,10:55,11:40,AREAS_MULTIPLES,0202,ÁREAS MÚLTIPLES,,,,Maestro de aula: todas las áreas con su grupo,
46,Tenorio Cuero Lucy Bivian,JUEVES,6,3,2,10:55,11:40,AREAS_MULTIPLES,0203,ÁREAS MÚLTIPLES,,,,Maestro de aula: todas las áreas con su grupo,
48,Torres Segura Encarnación,JUEVES,6,3,2,10:55,11:40,AREAS_MULTIPLES,0301,ÁREAS MÚLTIPLES,,,,Maestro de aula: todas las áreas con su grupo,
24,Landázuri Gallón Teresa,JUEVES,6,3,2,10:55,11:40,AREAS_MULTIPLES,0302,ÁREAS MÚLTIPLES,,,,Maestro de aula: todas las áreas con su grupo,
55,Zamora Ordóñez Celia Pastora,JUEVES,6,3,2,10:55,11:40,AREAS_MULTIPLES,0401,ÁREAS MÚLTIPLES,,,,Maestro de aula: todas las áreas con su grupo,
33,Núñez Perlaza Elcy,JUEVES,6,3,2,10:55,11:40,AREAS_MULTIPLES,0402,ÁREAS MÚLTIPLES,,,,Maestro de aula: todas las áreas con su grupo,
14,Cuéllar Gallo Nemesia,JUEVES,6,3,2,10:55,11:40,AREAS_MULTIPLES,0501,ÁREAS MÚLTIPLES,,,,Maestro de aula: todas las áreas con su grupo,
11,Centeno Zúñiga Claudia Patricia,JUEVES,6,3,2,10:55,11:40,AREAS_MULTIPLES,0502,ÁREAS MÚLTIPLES,,,,Maestro de aula: todas las áreas con su grupo,
32,Narváez Sánchez Dora Alejandra,JUEVES,6,3,2,10:55,11:40,AREAS_MULTIPLES,0503,ÁREAS MÚLTIPLES,,,,Maestro de aula: todas las áreas con su grupo,
17,Escobar Cortés Liliana,JUEVES,6,3,2,10:55,11:40,AREAS_MULTIPLES,0504,ÁREAS MÚLTIPLES,,,,Maestro de aula: todas las áreas con su grupo,
20,García Gobea Saydi Magali,JUEVES,6,3,2,10:55,11:40,CLASE,0601,CSI,,,,Sociales / Inglés (alternan cada semana),0601-CSI
42,Quiñones Cabezas Marcos Vidal,JUEVES,6,3,2,10:55,11:40,CLASE,0602,MAT,,,,,0602-MAT
1,Aguirre Riascos Jorge Andrés,JUEVES,6,3,2,10:55,11:40,CLASE,0701,TEI,,,,,0701-TEI
57,Armero Dájome Jesús,JUEVES,6,3,2,10:55,11:40,CLASE,0702,ERD,,,,,0702-ERD
10,Castillo Cuero Daira Eneida,JUEVES,6,3,2,10:55,11:40,CLASE,0703,CAS,,,,,0703-CAS
9,Castillo Angulo Martha Cecilia,JUEVES,6,3,2,10:55,11:40,CLASE,0802,ETR,,,,Ética / Religión (alternan cada semana),0802-ETR
25,Lemos Guancha Miriam,JUEVES,6,3,2,10:55,11:40,CLASE,0901,CNA,,,,,0901-CNA
22,González Castillo Jólmer Jimy,JUEVES,6,3,2,10:55,11:40,CLASE,0902,ERD,,,,,0902-ERD
49,Valencia Marínez Saidy Eufemia,JUEVES,6,3,2,10:55,11:40,CLASE,1001,ART,,,,,1001-ART
53,Villota Rubio Héctor Hugo,JUEVES,6,3,2,10:55,11:40,CLASE,1101,CNA,,,,,1101-CNA
43,Ramírez Guerra Jimmy Eduardo,JUEVES,6,3,2,10:55,11:40,CLASE,1102,ERD,,,,,1102-ERD
16,Cuero Rincón Hernando Jesús,JUEVES,6,3,2,10:55,11:40,CLASE,CS101,CAS,,,,,CS101-CAS
4,Arizala Castro Roberto Carlos,JUEVES,6,3,2,10:55,11:40,CLASE,CS102,CNA,,,,,CS102-CNA
35,Ortiz Araujo Adiela Carlota,JUEVES,6,3,2,10:55,11:40,CLASE,CS201,CSI,,,,Sociales / Inglés (alternan cada semana),CS201-CSI
7,Casanova Casanova Johana Andrea,JUEVES,6,3,2,10:55,11:40,ORIENTACION,ORIENT,ORIENTACIÓN ESCOLAR,,,,Jornada 07:30 a 14:30,
36,Ponce Moncayo Ángela Paola,JUEVES,6,3,2,10:55,11:40,ORIENTACION,ORIENT,ORIENTACIÓN ESCOLAR,,,,Jornada 08:30 a 13:30,
56,Ortiz Estacio Martha Cecilia,JUEVES,6,3,2,10:55,11:40,TUTORIA,PTAFI,TUTORÍA PTAFI,,,,Jornada 06:30 a 12:00,
19,Fernández Vélez Alfredo Enrique,JUEVES,6,3,2,10:55,11:40,ENFASIS,,TEI,0704,0704,Preciado Torres Oleisa (MAT),PAREJA: comparten el énfasis y alternan por semana,ENFASIS-0704
38,Preciado Torres Oleisa,JUEVES,6,3,2,10:55,11:40,ENFASIS,,MAT,0704,0704,Fernández Vélez Alfredo Enrique (TEI),PAREJA: comparten el énfasis y alternan por semana,ENFASIS-0704
12,Chillambo Quiñones María Rocío,JUEVES,6,3,2,10:55,11:40,ENFASIS,,CNA,0801,0801,Samaniego Angulo Flor Mireya (ART); Valverde Montaño María Teresa (CAS); Cuero Bamba Berte Levi (ERD),EQUIPO DE 4: cada docente atiende un grupo de estudiantes en su área,ENFASIS-0801
15,Cuero Bamba Berte Levi,JUEVES,6,3,2,10:55,11:40,ENFASIS,,ERD,0801,0801,Samaniego Angulo Flor Mireya (ART); Valverde Montaño María Teresa (CAS); Chillambo Quiñones María Rocío (CNA),EQUIPO DE 4: cada docente atiende un grupo de estudiantes en su área,ENFASIS-0801
44,Samaniego Angulo Flor Mireya,JUEVES,6,3,2,10:55,11:40,ENFASIS,,ART,0801,0801,Valverde Montaño María Teresa (CAS); Cuero Bamba Berte Levi (ERD); Chillambo Quiñones María Rocío (CNA),EQUIPO DE 4: cada docente atiende un grupo de estudiantes en su área,ENFASIS-0801
51,Valverde Montaño María Teresa,JUEVES,6,3,2,10:55,11:40,ENFASIS,,CAS,0801,0801,Samaniego Angulo Flor Mireya (ART); Cuero Bamba Berte Levi (ERD); Chillambo Quiñones María Rocío (CNA),EQUIPO DE 4: cada docente atiende un grupo de estudiantes en su área,ENFASIS-0801
2,Angulo Lucero Andrés Mauricio,JUEVES,6,3,2,10:55,11:40,ENFASIS,,TEI,D5-10°,1002,Pulgarín Ortiz César Marino (CSI); Montaño Arizala Leidis Claudina (ETR); Villota Rubio Janeth del Carmen (MAT),EQUIPO DE 4: cada docente atiende un grupo de estudiantes en su área,ENFASIS-D5-10°
31,Montaño Arizala Leidis Claudina,JUEVES,6,3,2,10:55,11:40,ENFASIS,,ETR,D5-10°,1002,Pulgarín Ortiz César Marino (CSI); Villota Rubio Janeth del Carmen (MAT); Angulo Lucero Andrés Mauricio (TEI),EQUIPO DE 4: cada docente atiende un grupo de estudiantes en su área,ENFASIS-D5-10°
40,Pulgarín Ortiz César Marino,JUEVES,6,3,2,10:55,11:40,ENFASIS,,CSI,D5-10°,1002,Montaño Arizala Leidis Claudina (ETR); Villota Rubio Janeth del Carmen (MAT); Angulo Lucero Andrés Mauricio (TEI),EQUIPO DE 4: cada docente atiende un grupo de estudiantes en su área,ENFASIS-D5-10°
54,Villota Rubio Janeth del Carmen,JUEVES,6,3,2,10:55,11:40,ENFASIS,,MAT,D5-10°,1002,Pulgarín Ortiz César Marino (CSI); Montaño Arizala Leidis Claudina (ETR); Angulo Lucero Andrés Mauricio (TEI),EQUIPO DE 4: cada docente atiende un grupo de estudiantes en su área,ENFASIS-D5-10°
5,Bastidas Valencia Zeneida Judith,JUEVES,6,3,2,10:55,11:40,ENFASIS,,MAT,CS202,CS202,Betancourth Ocampo Yohana Patricia (CSI); Estacio Estupiñán Rosario (ETR); Mindineros Satizábal John Jáver (TEI),EQUIPO DE 4: cada docente atiende un grupo de estudiantes en su área,ENFASIS-CS202
6,Betancourth Ocampo Yohana Patricia,JUEVES,6,3,2,10:55,11:40,ENFASIS,,CSI,CS202,CS202,Estacio Estupiñán Rosario (ETR); Bastidas Valencia Zeneida Judith (MAT); Mindineros Satizábal John Jáver (TEI),EQUIPO DE 4: cada docente atiende un grupo de estudiantes en su área,ENFASIS-CS202
18,Estacio Estupiñán Rosario,JUEVES,6,3,2,10:55,11:40,ENFASIS,,ETR,CS202,CS202,Betancourth Ocampo Yohana Patricia (CSI); Bastidas Valencia Zeneida Judith (MAT); Mindineros Satizábal John Jáver (TEI),EQUIPO DE 4: cada docente atiende un grupo de estudiantes en su área,ENFASIS-CS202
29,Mindineros Satizábal John Jáver,JUEVES,6,3,2,10:55,11:40,ENFASIS,,TEI,CS202,CS202,Betancourth Ocampo Yohana Patricia (CSI); Estacio Estupiñán Rosario (ETR); Bastidas Valencia Zeneida Judith (MAT),EQUIPO DE 4: cada docente atiende un grupo de estudiantes en su área,ENFASIS-CS202
8,Casanova Quiñones Yoli del Carmen,JUEVES,7,4,1,12:00,12:45,CLASE,0701,ETR,,,,Ética / Religión (alternan cada semana),0701-ETR
41,Quintero Ramírez María del Carmen,JUEVES,7,4,1,12:00,12:45,CLASE,0702,CSI,,,,Sociales / Inglés (alternan cada semana),0702-CSI
1,Aguirre Riascos Jorge Andrés,JUEVES,7,4,1,12:00,12:45,CLASE,0703,TEI,,,,,0703-TEI
52,Vásquez Valencia Segundo Leoncio,JUEVES,7,4,1,12:00,12:45,CLASE,0704,MAT,,,,,0704-MAT
12,Chillambo Quiñones María Rocío,JUEVES,7,4,1,12:00,12:45,CLASE,0801,CNA,,,,,0801-CNA
29,Mindineros Satizábal John Jáver,JUEVES,7,4,1,12:00,12:45,CLASE,0901,TEI,,,,,0901-TEI
6,Betancourth Ocampo Yohana Patricia,JUEVES,7,4,1,12:00,12:45,CLASE,0902,CSI,,,,Sociales / Inglés (alternan cada semana),0902-CSI
5,Bastidas Valencia Zeneida Judith,JUEVES,7,4,1,12:00,12:45,CLASE,1001,MAT,,,,,1001-MAT
53,Villota Rubio Héctor Hugo,JUEVES,7,4,1,12:00,12:45,CLASE,1002,CNA,,,,,1002-CNA
54,Villota Rubio Janeth del Carmen,JUEVES,7,4,1,12:00,12:45,CLASE,1101,MAT,,,,,1101-MAT
30,Montaño Anchico Favio Héctor,JUEVES,7,4,1,12:00,12:45,CLASE,1102,CAS,,,,,1102-CAS
20,García Gobea Saydi Magali,JUEVES,7,4,1,12:00,12:45,CLASE,CS101,CSI,,,,Sociales / Inglés (alternan cada semana),CS101-CSI
37,Prado Quiñones Genís Maribel,JUEVES,7,4,1,12:00,12:45,CLASE,CS102,ART,,,,,CS102-ART
15,Cuero Bamba Berte Levi,JUEVES,7,4,1,12:00,12:45,CLASE,CS202,ERD,,,,,CS202-ERD
7,Casanova Casanova Johana Andrea,JUEVES,7,4,1,12:00,12:45,ORIENTACION,ORIENT,ORIENTACIÓN ESCOLAR,,,,Jornada 07:30 a 14:30,
36,Ponce Moncayo Ángela Paola,JUEVES,7,4,1,12:00,12:45,ORIENTACION,ORIENT,ORIENTACIÓN ESCOLAR,,,,Jornada 08:30 a 13:30,
10,Castillo Cuero Daira Eneida,JUEVES,7,4,1,12:00,12:45,ENFASIS,,CAS,0601,0601,Puches Ana Milena (ART),PAREJA: comparten el énfasis y alternan por semana,ENFASIS-0601
39,Puches Ana Milena,JUEVES,7,4,1,12:00,12:45,ENFASIS,,ART,0601,0601,Castillo Cuero Daira Eneida (CAS),PAREJA: comparten el énfasis y alternan por semana,ENFASIS-0601
34,Ordóñez Tenorio Jaime Marcial,JUEVES,7,4,1,12:00,12:45,ENFASIS,,CNA,0602,0602,Armero Dájome Jesús (ERD),PAREJA: comparten el énfasis y alternan por semana,ENFASIS-0602
57,Armero Dájome Jesús,JUEVES,7,4,1,12:00,12:45,ENFASIS,,ERD,0602,0602,Ordóñez Tenorio Jaime Marcial (CNA),PAREJA: comparten el énfasis y alternan por semana,ENFASIS-0602
9,Castillo Angulo Martha Cecilia,JUEVES,7,4,1,12:00,12:45,ENFASIS,,ETR,0802,0802,Ortiz Araujo Adiela Carlota (CSI),PAREJA: comparten el énfasis y alternan por semana,ENFASIS-0802
19,Fernández Vélez Alfredo Enrique,JUEVES,7,4,1,12:00,12:45,ENFASIS,,TEI,D3-8°,0802,Preciado Torres Oleisa (MAT),PAREJA: comparten el énfasis y alternan por semana,ENFASIS-D3-8°
35,Ortiz Araujo Adiela Carlota,JUEVES,7,4,1,12:00,12:45,ENFASIS,,CSI,0802,0802,Castillo Angulo Martha Cecilia (ETR),PAREJA: comparten el énfasis y alternan por semana,ENFASIS-0802
38,Preciado Torres Oleisa,JUEVES,7,4,1,12:00,12:45,ENFASIS,,MAT,D3-8°,0802,Fernández Vélez Alfredo Enrique (TEI),PAREJA: comparten el énfasis y alternan por semana,ENFASIS-D3-8°
22,González Castillo Jólmer Jimy,JUEVES,7,4,1,12:00,12:45,ENFASIS,,ERD,CS201,CS201,Valencia Marínez Saidy Eufemia (ART); Meza Banguera Gladys Alicia (CAS); Lemos Guancha Miriam (CNA),EQUIPO DE 4: cada docente atiende un grupo de estudiantes en su área,ENFASIS-CS201
25,Lemos Guancha Miriam,JUEVES,7,4,1,12:00,12:45,ENFASIS,,CNA,CS201,CS201,Valencia Marínez Saidy Eufemia (ART); Meza Banguera Gladys Alicia (CAS); González Castillo Jólmer Jimy (ERD),EQUIPO DE 4: cada docente atiende un grupo de estudiantes en su área,ENFASIS-CS201
28,Meza Banguera Gladys Alicia,JUEVES,7,4,1,12:00,12:45,ENFASIS,,CAS,CS201,CS201,Valencia Marínez Saidy Eufemia (ART); González Castillo Jólmer Jimy (ERD); Lemos Guancha Miriam (CNA),EQUIPO DE 4: cada docente atiende un grupo de estudiantes en su área,ENFASIS-CS201
49,Valencia Marínez Saidy Eufemia,JUEVES,7,4,1,12:00,12:45,ENFASIS,,ART,CS201,CS201,Meza Banguera Gladys Alicia (CAS); González Castillo Jólmer Jimy (ERD); Lemos Guancha Miriam (CNA),EQUIPO DE 4: cada docente atiende un grupo de estudiantes en su área,ENFASIS-CS201
8,Casanova Quiñones Yoli del Carmen,JUEVES,8,4,2,12:45,13:30,CLASE,0701,ETR,,,,Ética / Religión (alternan cada semana),0701-ETR
41,Quintero Ramírez María del Carmen,JUEVES,8,4,2,12:45,13:30,CLASE,0702,CSI,,,,Sociales / Inglés (alternan cada semana),0702-CSI
1,Aguirre Riascos Jorge Andrés,JUEVES,8,4,2,12:45,13:30,CLASE,0703,TEI,,,,,0703-TEI
52,Vásquez Valencia Segundo Leoncio,JUEVES,8,4,2,12:45,13:30,CLASE,0704,MAT,,,,,0704-MAT
12,Chillambo Quiñones María Rocío,JUEVES,8,4,2,12:45,13:30,CLASE,0801,CNA,,,,,0801-CNA
29,Mindineros Satizábal John Jáver,JUEVES,8,4,2,12:45,13:30,CLASE,0901,TEI,,,,,0901-TEI
6,Betancourth Ocampo Yohana Patricia,JUEVES,8,4,2,12:45,13:30,CLASE,0902,CSI,,,,Sociales / Inglés (alternan cada semana),0902-CSI
5,Bastidas Valencia Zeneida Judith,JUEVES,8,4,2,12:45,13:30,CLASE,1001,MAT,,,,,1001-MAT
53,Villota Rubio Héctor Hugo,JUEVES,8,4,2,12:45,13:30,CLASE,1002,CNA,,,,,1002-CNA
54,Villota Rubio Janeth del Carmen,JUEVES,8,4,2,12:45,13:30,CLASE,1101,MAT,,,,,1101-MAT
30,Montaño Anchico Favio Héctor,JUEVES,8,4,2,12:45,13:30,CLASE,1102,CAS,,,,,1102-CAS
20,García Gobea Saydi Magali,JUEVES,8,4,2,12:45,13:30,CLASE,CS101,CSI,,,,Sociales / Inglés (alternan cada semana),CS101-CSI
37,Prado Quiñones Genís Maribel,JUEVES,8,4,2,12:45,13:30,CLASE,CS102,ART,,,,,CS102-ART
15,Cuero Bamba Berte Levi,JUEVES,8,4,2,12:45,13:30,CLASE,CS202,ERD,,,,,CS202-ERD
7,Casanova Casanova Johana Andrea,JUEVES,8,4,2,12:45,13:30,ORIENTACION,ORIENT,ORIENTACIÓN ESCOLAR,,,,Jornada 07:30 a 14:30,
36,Ponce Moncayo Ángela Paola,JUEVES,8,4,2,12:45,13:30,ORIENTACION,ORIENT,ORIENTACIÓN ESCOLAR,,,,Jornada 08:30 a 13:30,
10,Castillo Cuero Daira Eneida,JUEVES,8,4,2,12:45,13:30,ENFASIS,,CAS,0601,0601,Puches Ana Milena (ART),PAREJA: comparten el énfasis y alternan por semana,ENFASIS-0601
39,Puches Ana Milena,JUEVES,8,4,2,12:45,13:30,ENFASIS,,ART,0601,0601,Castillo Cuero Daira Eneida (CAS),PAREJA: comparten el énfasis y alternan por semana,ENFASIS-0601
34,Ordóñez Tenorio Jaime Marcial,JUEVES,8,4,2,12:45,13:30,ENFASIS,,CNA,0602,0602,Armero Dájome Jesús (ERD),PAREJA: comparten el énfasis y alternan por semana,ENFASIS-0602
57,Armero Dájome Jesús,JUEVES,8,4,2,12:45,13:30,ENFASIS,,ERD,0602,0602,Ordóñez Tenorio Jaime Marcial (CNA),PAREJA: comparten el énfasis y alternan por semana,ENFASIS-0602
9,Castillo Angulo Martha Cecilia,JUEVES,8,4,2,12:45,13:30,ENFASIS,,ETR,0802,0802,Ortiz Araujo Adiela Carlota (CSI),PAREJA: comparten el énfasis y alternan por semana,ENFASIS-0802
19,Fernández Vélez Alfredo Enrique,JUEVES,8,4,2,12:45,13:30,ENFASIS,,TEI,D3-8°,0802,Preciado Torres Oleisa (MAT),PAREJA: comparten el énfasis y alternan por semana,ENFASIS-D3-8°
35,Ortiz Araujo Adiela Carlota,JUEVES,8,4,2,12:45,13:30,ENFASIS,,CSI,0802,0802,Castillo Angulo Martha Cecilia (ETR),PAREJA: comparten el énfasis y alternan por semana,ENFASIS-0802
38,Preciado Torres Oleisa,JUEVES,8,4,2,12:45,13:30,ENFASIS,,MAT,D3-8°,0802,Fernández Vélez Alfredo Enrique (TEI),PAREJA: comparten el énfasis y alternan por semana,ENFASIS-D3-8°
22,González Castillo Jólmer Jimy,JUEVES,8,4,2,12:45,13:30,ENFASIS,,ERD,CS201,CS201,Valencia Marínez Saidy Eufemia (ART); Meza Banguera Gladys Alicia (CAS); Lemos Guancha Miriam (CNA),EQUIPO DE 4: cada docente atiende un grupo de estudiantes en su área,ENFASIS-CS201
25,Lemos Guancha Miriam,JUEVES,8,4,2,12:45,13:30,ENFASIS,,CNA,CS201,CS201,Valencia Marínez Saidy Eufemia (ART); Meza Banguera Gladys Alicia (CAS); González Castillo Jólmer Jimy (ERD),EQUIPO DE 4: cada docente atiende un grupo de estudiantes en su área,ENFASIS-CS201
28,Meza Banguera Gladys Alicia,JUEVES,8,4,2,12:45,13:30,ENFASIS,,CAS,CS201,CS201,Valencia Marínez Saidy Eufemia (ART); González Castillo Jólmer Jimy (ERD); Lemos Guancha Miriam (CNA),EQUIPO DE 4: cada docente atiende un grupo de estudiantes en su área,ENFASIS-CS201
49,Valencia Marínez Saidy Eufemia,JUEVES,8,4,2,12:45,13:30,ENFASIS,,ART,CS201,CS201,Meza Banguera Gladys Alicia (CAS); González Castillo Jólmer Jimy (ERD); Lemos Guancha Miriam (CNA),EQUIPO DE 4: cada docente atiende un grupo de estudiantes en su área,ENFASIS-CS201
23,Landázuri Quiñones María Elia,VIERNES,1,1,1,06:30,07:15,AREAS_MULTIPLES,0101,ÁREAS MÚLTIPLES,,,,Maestro de aula: todas las áreas con su grupo,
45,Sinisterra Ana Lucía,VIERNES,1,1,1,06:30,07:15,AREAS_MULTIPLES,0102,ÁREAS MÚLTIPLES,,,,Maestro de aula: todas las áreas con su grupo,
13,Cortés Salazar María Ebelice,VIERNES,1,1,1,06:30,07:15,AREAS_MULTIPLES,0201,ÁREAS MÚLTIPLES,,,,Maestro de aula: todas las áreas con su grupo,
21,Garzón Quiñones Sixta Janina,VIERNES,1,1,1,06:30,07:15,AREAS_MULTIPLES,0202,ÁREAS MÚLTIPLES,,,,Maestro de aula: todas las áreas con su grupo,
46,Tenorio Cuero Lucy Bivian,VIERNES,1,1,1,06:30,07:15,AREAS_MULTIPLES,0203,ÁREAS MÚLTIPLES,,,,Maestro de aula: todas las áreas con su grupo,
48,Torres Segura Encarnación,VIERNES,1,1,1,06:30,07:15,AREAS_MULTIPLES,0301,ÁREAS MÚLTIPLES,,,,Maestro de aula: todas las áreas con su grupo,
24,Landázuri Gallón Teresa,VIERNES,1,1,1,06:30,07:15,AREAS_MULTIPLES,0302,ÁREAS MÚLTIPLES,,,,Maestro de aula: todas las áreas con su grupo,
55,Zamora Ordóñez Celia Pastora,VIERNES,1,1,1,06:30,07:15,AREAS_MULTIPLES,0401,ÁREAS MÚLTIPLES,,,,Maestro de aula: todas las áreas con su grupo,
33,Núñez Perlaza Elcy,VIERNES,1,1,1,06:30,07:15,AREAS_MULTIPLES,0402,ÁREAS MÚLTIPLES,,,,Maestro de aula: todas las áreas con su grupo,
14,Cuéllar Gallo Nemesia,VIERNES,1,1,1,06:30,07:15,AREAS_MULTIPLES,0501,ÁREAS MÚLTIPLES,,,,Maestro de aula: todas las áreas con su grupo,
11,Centeno Zúñiga Claudia Patricia,VIERNES,1,1,1,06:30,07:15,AREAS_MULTIPLES,0502,ÁREAS MÚLTIPLES,,,,Maestro de aula: todas las áreas con su grupo,
32,Narváez Sánchez Dora Alejandra,VIERNES,1,1,1,06:30,07:15,AREAS_MULTIPLES,0503,ÁREAS MÚLTIPLES,,,,Maestro de aula: todas las áreas con su grupo,
17,Escobar Cortés Liliana,VIERNES,1,1,1,06:30,07:15,AREAS_MULTIPLES,0504,ÁREAS MÚLTIPLES,,,,Maestro de aula: todas las áreas con su grupo,
37,Prado Quiñones Genís Maribel,VIERNES,1,1,1,06:30,07:15,CLASE,0601,CNA,,,,,0601-CNA
42,Quiñones Cabezas Marcos Vidal,VIERNES,1,1,1,06:30,07:15,CLASE,0602,MAT,,,,,0602-MAT
57,Armero Dájome Jesús,VIERNES,1,1,1,06:30,07:15,CLASE,0701,ERD,,,,,0701-ERD
39,Puches Ana Milena,VIERNES,1,1,1,06:30,07:15,CLASE,0702,ART,,,,,0702-ART
10,Castillo Cuero Daira Eneida,VIERNES,1,1,1,06:30,07:15,CLASE,0703,CAS,,,,,0703-CAS
34,Ordóñez Tenorio Jaime Marcial,VIERNES,1,1,1,06:30,07:15,CLASE,0704,CNA,,,,,0704-CNA
35,Ortiz Araujo Adiela Carlota,VIERNES,1,1,1,06:30,07:15,CLASE,0801,CSI,,,,Sociales / Inglés (alternan cada semana),0801-CSI
19,Fernández Vélez Alfredo Enrique,VIERNES,1,1,1,06:30,07:15,CLASE,0802,TEI,,,,,0802-TEI
29,Mindineros Satizábal John Jáver,VIERNES,1,1,1,06:30,07:15,CLASE,0901,TEI,,,,,0901-TEI
18,Estacio Estupiñán Rosario,VIERNES,1,1,1,06:30,07:15,CLASE,0902,ETR,,,,Ética / Religión (alternan cada semana),0902-ETR
6,Betancourth Ocampo Yohana Patricia,VIERNES,1,1,1,06:30,07:15,CLASE,1001,CSI,,,,Sociales / Inglés (alternan cada semana),1001-CSI
3,Arboleda Ortiz Luz América,VIERNES,1,1,1,06:30,07:15,CLASE,1002,ART,,,,,1002-ART
43,Ramírez Guerra Jimmy Eduardo,VIERNES,1,1,1,06:30,07:15,CLASE,1101,ERD,,,,,1101-ERD
15,Cuero Bamba Berte Levi,VIERNES,1,1,1,06:30,07:15,CLASE,CS202,ERD,,,,,CS202-ERD
56,Ortiz Estacio Martha Cecilia,VIERNES,1,1,1,06:30,07:15,TUTORIA,PTAFI,TUTORÍA PTAFI,,,,Jornada 06:30 a 12:00,
2,Angulo Lucero Andrés Mauricio,VIERNES,1,1,1,06:30,07:15,ENFASIS,,TEI,D5-11°,1102,Pulgarín Ortiz César Marino (CSI); Montaño Arizala Leidis Claudina (ETR); Villota Rubio Janeth del Carmen (MAT),EQUIPO DE 4: cada docente atiende un grupo de estudiantes en su área,ENFASIS-D5-11°
31,Montaño Arizala Leidis Claudina,VIERNES,1,1,1,06:30,07:15,ENFASIS,,ETR,D5-11°,1102,Pulgarín Ortiz César Marino (CSI); Villota Rubio Janeth del Carmen (MAT); Angulo Lucero Andrés Mauricio (TEI),EQUIPO DE 4: cada docente atiende un grupo de estudiantes en su área,ENFASIS-D5-11°
40,Pulgarín Ortiz César Marino,VIERNES,1,1,1,06:30,07:15,ENFASIS,,CSI,D5-11°,1102,Montaño Arizala Leidis Claudina (ETR); Villota Rubio Janeth del Carmen (MAT); Angulo Lucero Andrés Mauricio (TEI),EQUIPO DE 4: cada docente atiende un grupo de estudiantes en su área,ENFASIS-D5-11°
54,Villota Rubio Janeth del Carmen,VIERNES,1,1,1,06:30,07:15,ENFASIS,,MAT,D5-11°,1102,Pulgarín Ortiz César Marino (CSI); Montaño Arizala Leidis Claudina (ETR); Angulo Lucero Andrés Mauricio (TEI),EQUIPO DE 4: cada docente atiende un grupo de estudiantes en su área,ENFASIS-D5-11°
20,García Gobea Saydi Magali,VIERNES,1,1,1,06:30,07:15,ENFASIS,,CSI,CS101,CS101,Lozano Torres Amanda Inés (ETR),PAREJA: comparten el énfasis y alternan por semana,ENFASIS-CS101
26,Lozano Torres Amanda Inés,VIERNES,1,1,1,06:30,07:15,ENFASIS,,ETR,CS101,CS101,García Gobea Saydi Magali (CSI),PAREJA: comparten el énfasis y alternan por semana,ENFASIS-CS101
1,Aguirre Riascos Jorge Andrés,VIERNES,1,1,1,06:30,07:15,ENFASIS,,TEI,CS102,CS102,Vásquez Valencia Segundo Leoncio (MAT),PAREJA: comparten el énfasis y alternan por semana,ENFASIS-CS102
52,Vásquez Valencia Segundo Leoncio,VIERNES,1,1,1,06:30,07:15,ENFASIS,,MAT,CS102,CS102,Aguirre Riascos Jorge Andrés (TEI),PAREJA: comparten el énfasis y alternan por semana,ENFASIS-CS102
22,González Castillo Jólmer Jimy,VIERNES,1,1,1,06:30,07:15,ENFASIS,,ERD,CS201,CS201,Valencia Marínez Saidy Eufemia (ART); Meza Banguera Gladys Alicia (CAS); Lemos Guancha Miriam (CNA),EQUIPO DE 4: cada docente atiende un grupo de estudiantes en su área,ENFASIS-CS201
25,Lemos Guancha Miriam,VIERNES,1,1,1,06:30,07:15,ENFASIS,,CNA,CS201,CS201,Valencia Marínez Saidy Eufemia (ART); Meza Banguera Gladys Alicia (CAS); González Castillo Jólmer Jimy (ERD),EQUIPO DE 4: cada docente atiende un grupo de estudiantes en su área,ENFASIS-CS201
28,Meza Banguera Gladys Alicia,VIERNES,1,1,1,06:30,07:15,ENFASIS,,CAS,CS201,CS201,Valencia Marínez Saidy Eufemia (ART); González Castillo Jólmer Jimy (ERD); Lemos Guancha Miriam (CNA),EQUIPO DE 4: cada docente atiende un grupo de estudiantes en su área,ENFASIS-CS201
49,Valencia Marínez Saidy Eufemia,VIERNES,1,1,1,06:30,07:15,ENFASIS,,ART,CS201,CS201,Meza Banguera Gladys Alicia (CAS); González Castillo Jólmer Jimy (ERD); Lemos Guancha Miriam (CNA),EQUIPO DE 4: cada docente atiende un grupo de estudiantes en su área,ENFASIS-CS201
50,Valencia Solís Gloria Alexa,VIERNES,2,1,2,07:15,08:00,AREAS_MULTIPLES,0001,ÁREAS MÚLTIPLES,,,,Maestro de aula: todas las áreas con su grupo,
27,Martínez Álvarez Andrea Ascención,VIERNES,2,1,2,07:15,08:00,AREAS_MULTIPLES,0002,ÁREAS MÚLTIPLES,,,,Maestro de aula: todas las áreas con su grupo,
23,Landázuri Quiñones María Elia,VIERNES,2,1,2,07:15,08:00,AREAS_MULTIPLES,0101,ÁREAS MÚLTIPLES,,,,Maestro de aula: todas las áreas con su grupo,
45,Sinisterra Ana Lucía,VIERNES,2,1,2,07:15,08:00,AREAS_MULTIPLES,0102,ÁREAS MÚLTIPLES,,,,Maestro de aula: todas las áreas con su grupo,
13,Cortés Salazar María Ebelice,VIERNES,2,1,2,07:15,08:00,AREAS_MULTIPLES,0201,ÁREAS MÚLTIPLES,,,,Maestro de aula: todas las áreas con su grupo,
21,Garzón Quiñones Sixta Janina,VIERNES,2,1,2,07:15,08:00,AREAS_MULTIPLES,0202,ÁREAS MÚLTIPLES,,,,Maestro de aula: todas las áreas con su grupo,
46,Tenorio Cuero Lucy Bivian,VIERNES,2,1,2,07:15,08:00,AREAS_MULTIPLES,0203,ÁREAS MÚLTIPLES,,,,Maestro de aula: todas las áreas con su grupo,
48,Torres Segura Encarnación,VIERNES,2,1,2,07:15,08:00,AREAS_MULTIPLES,0301,ÁREAS MÚLTIPLES,,,,Maestro de aula: todas las áreas con su grupo,
24,Landázuri Gallón Teresa,VIERNES,2,1,2,07:15,08:00,AREAS_MULTIPLES,0302,ÁREAS MÚLTIPLES,,,,Maestro de aula: todas las áreas con su grupo,
55,Zamora Ordóñez Celia Pastora,VIERNES,2,1,2,07:15,08:00,AREAS_MULTIPLES,0401,ÁREAS MÚLTIPLES,,,,Maestro de aula: todas las áreas con su grupo,
33,Núñez Perlaza Elcy,VIERNES,2,1,2,07:15,08:00,AREAS_MULTIPLES,0402,ÁREAS MÚLTIPLES,,,,Maestro de aula: todas las áreas con su grupo,
14,Cuéllar Gallo Nemesia,VIERNES,2,1,2,07:15,08:00,AREAS_MULTIPLES,0501,ÁREAS MÚLTIPLES,,,,Maestro de aula: todas las áreas con su grupo,
11,Centeno Zúñiga Claudia Patricia,VIERNES,2,1,2,07:15,08:00,AREAS_MULTIPLES,0502,ÁREAS MÚLTIPLES,,,,Maestro de aula: todas las áreas con su grupo,
32,Narváez Sánchez Dora Alejandra,VIERNES,2,1,2,07:15,08:00,AREAS_MULTIPLES,0503,ÁREAS MÚLTIPLES,,,,Maestro de aula: todas las áreas con su grupo,
17,Escobar Cortés Liliana,VIERNES,2,1,2,07:15,08:00,AREAS_MULTIPLES,0504,ÁREAS MÚLTIPLES,,,,Maestro de aula: todas las áreas con su grupo,
37,Prado Quiñones Genís Maribel,VIERNES,2,1,2,07:15,08:00,CLASE,0601,CNA,,,,,0601-CNA
42,Quiñones Cabezas Marcos Vidal,VIERNES,2,1,2,07:15,08:00,CLASE,0602,MAT,,,,,0602-MAT
57,Armero Dájome Jesús,VIERNES,2,1,2,07:15,08:00,CLASE,0701,ERD,,,,,0701-ERD
39,Puches Ana Milena,VIERNES,2,1,2,07:15,08:00,CLASE,0702,ART,,,,,0702-ART
10,Castillo Cuero Daira Eneida,VIERNES,2,1,2,07:15,08:00,CLASE,0703,CAS,,,,,0703-CAS
34,Ordóñez Tenorio Jaime Marcial,VIERNES,2,1,2,07:15,08:00,CLASE,0704,CNA,,,,,0704-CNA
35,Ortiz Araujo Adiela Carlota,VIERNES,2,1,2,07:15,08:00,CLASE,0801,CSI,,,,Sociales / Inglés (alternan cada semana),0801-CSI
19,Fernández Vélez Alfredo Enrique,VIERNES,2,1,2,07:15,08:00,CLASE,0802,TEI,,,,,0802-TEI
29,Mindineros Satizábal John Jáver,VIERNES,2,1,2,07:15,08:00,CLASE,0901,TEI,,,,,0901-TEI
18,Estacio Estupiñán Rosario,VIERNES,2,1,2,07:15,08:00,CLASE,0902,ETR,,,,Ética / Religión (alternan cada semana),0902-ETR
6,Betancourth Ocampo Yohana Patricia,VIERNES,2,1,2,07:15,08:00,CLASE,1001,CSI,,,,Sociales / Inglés (alternan cada semana),1001-CSI
3,Arboleda Ortiz Luz América,VIERNES,2,1,2,07:15,08:00,CLASE,1002,ART,,,,,1002-ART
43,Ramírez Guerra Jimmy Eduardo,VIERNES,2,1,2,07:15,08:00,CLASE,1101,ERD,,,,,1101-ERD
15,Cuero Bamba Berte Levi,VIERNES,2,1,2,07:15,08:00,CLASE,CS202,ERD,,,,,CS202-ERD
7,Casanova Casanova Johana Andrea,VIERNES,2,1,2,07:15,08:00,ORIENTACION,ORIENT,ORIENTACIÓN ESCOLAR,,,,Jornada 07:30 a 14:30,
56,Ortiz Estacio Martha Cecilia,VIERNES,2,1,2,07:15,08:00,TUTORIA,PTAFI,TUTORÍA PTAFI,,,,Jornada 06:30 a 12:00,
2,Angulo Lucero Andrés Mauricio,VIERNES,2,1,2,07:15,08:00,ENFASIS,,TEI,D5-11°,1102,Pulgarín Ortiz César Marino (CSI); Montaño Arizala Leidis Claudina (ETR); Villota Rubio Janeth del Carmen (MAT),EQUIPO DE 4: cada docente atiende un grupo de estudiantes en su área,ENFASIS-D5-11°
31,Montaño Arizala Leidis Claudina,VIERNES,2,1,2,07:15,08:00,ENFASIS,,ETR,D5-11°,1102,Pulgarín Ortiz César Marino (CSI); Villota Rubio Janeth del Carmen (MAT); Angulo Lucero Andrés Mauricio (TEI),EQUIPO DE 4: cada docente atiende un grupo de estudiantes en su área,ENFASIS-D5-11°
40,Pulgarín Ortiz César Marino,VIERNES,2,1,2,07:15,08:00,ENFASIS,,CSI,D5-11°,1102,Montaño Arizala Leidis Claudina (ETR); Villota Rubio Janeth del Carmen (MAT); Angulo Lucero Andrés Mauricio (TEI),EQUIPO DE 4: cada docente atiende un grupo de estudiantes en su área,ENFASIS-D5-11°
54,Villota Rubio Janeth del Carmen,VIERNES,2,1,2,07:15,08:00,ENFASIS,,MAT,D5-11°,1102,Pulgarín Ortiz César Marino (CSI); Montaño Arizala Leidis Claudina (ETR); Angulo Lucero Andrés Mauricio (TEI),EQUIPO DE 4: cada docente atiende un grupo de estudiantes en su área,ENFASIS-D5-11°
20,García Gobea Saydi Magali,VIERNES,2,1,2,07:15,08:00,ENFASIS,,CSI,CS101,CS101,Lozano Torres Amanda Inés (ETR),PAREJA: comparten el énfasis y alternan por semana,ENFASIS-CS101
26,Lozano Torres Amanda Inés,VIERNES,2,1,2,07:15,08:00,ENFASIS,,ETR,CS101,CS101,García Gobea Saydi Magali (CSI),PAREJA: comparten el énfasis y alternan por semana,ENFASIS-CS101
1,Aguirre Riascos Jorge Andrés,VIERNES,2,1,2,07:15,08:00,ENFASIS,,TEI,CS102,CS102,Vásquez Valencia Segundo Leoncio (MAT),PAREJA: comparten el énfasis y alternan por semana,ENFASIS-CS102
52,Vásquez Valencia Segundo Leoncio,VIERNES,2,1,2,07:15,08:00,ENFASIS,,MAT,CS102,CS102,Aguirre Riascos Jorge Andrés (TEI),PAREJA: comparten el énfasis y alternan por semana,ENFASIS-CS102
22,González Castillo Jólmer Jimy,VIERNES,2,1,2,07:15,08:00,ENFASIS,,ERD,CS201,CS201,Valencia Marínez Saidy Eufemia (ART); Meza Banguera Gladys Alicia (CAS); Lemos Guancha Miriam (CNA),EQUIPO DE 4: cada docente atiende un grupo de estudiantes en su área,ENFASIS-CS201
25,Lemos Guancha Miriam,VIERNES,2,1,2,07:15,08:00,ENFASIS,,CNA,CS201,CS201,Valencia Marínez Saidy Eufemia (ART); Meza Banguera Gladys Alicia (CAS); González Castillo Jólmer Jimy (ERD),EQUIPO DE 4: cada docente atiende un grupo de estudiantes en su área,ENFASIS-CS201
28,Meza Banguera Gladys Alicia,VIERNES,2,1,2,07:15,08:00,ENFASIS,,CAS,CS201,CS201,Valencia Marínez Saidy Eufemia (ART); González Castillo Jólmer Jimy (ERD); Lemos Guancha Miriam (CNA),EQUIPO DE 4: cada docente atiende un grupo de estudiantes en su área,ENFASIS-CS201
49,Valencia Marínez Saidy Eufemia,VIERNES,2,1,2,07:15,08:00,ENFASIS,,ART,CS201,CS201,Meza Banguera Gladys Alicia (CAS); González Castillo Jólmer Jimy (ERD); Lemos Guancha Miriam (CNA),EQUIPO DE 4: cada docente atiende un grupo de estudiantes en su área,ENFASIS-CS201
50,Valencia Solís Gloria Alexa,VIERNES,3,2,1,08:20,09:05,AREAS_MULTIPLES,0001,ÁREAS MÚLTIPLES,,,,Maestro de aula: todas las áreas con su grupo,
27,Martínez Álvarez Andrea Ascención,VIERNES,3,2,1,08:20,09:05,AREAS_MULTIPLES,0002,ÁREAS MÚLTIPLES,,,,Maestro de aula: todas las áreas con su grupo,
23,Landázuri Quiñones María Elia,VIERNES,3,2,1,08:20,09:05,AREAS_MULTIPLES,0101,ÁREAS MÚLTIPLES,,,,Maestro de aula: todas las áreas con su grupo,
45,Sinisterra Ana Lucía,VIERNES,3,2,1,08:20,09:05,AREAS_MULTIPLES,0102,ÁREAS MÚLTIPLES,,,,Maestro de aula: todas las áreas con su grupo,
13,Cortés Salazar María Ebelice,VIERNES,3,2,1,08:20,09:05,AREAS_MULTIPLES,0201,ÁREAS MÚLTIPLES,,,,Maestro de aula: todas las áreas con su grupo,
21,Garzón Quiñones Sixta Janina,VIERNES,3,2,1,08:20,09:05,AREAS_MULTIPLES,0202,ÁREAS MÚLTIPLES,,,,Maestro de aula: todas las áreas con su grupo,
46,Tenorio Cuero Lucy Bivian,VIERNES,3,2,1,08:20,09:05,AREAS_MULTIPLES,0203,ÁREAS MÚLTIPLES,,,,Maestro de aula: todas las áreas con su grupo,
48,Torres Segura Encarnación,VIERNES,3,2,1,08:20,09:05,AREAS_MULTIPLES,0301,ÁREAS MÚLTIPLES,,,,Maestro de aula: todas las áreas con su grupo,
24,Landázuri Gallón Teresa,VIERNES,3,2,1,08:20,09:05,AREAS_MULTIPLES,0302,ÁREAS MÚLTIPLES,,,,Maestro de aula: todas las áreas con su grupo,
55,Zamora Ordóñez Celia Pastora,VIERNES,3,2,1,08:20,09:05,AREAS_MULTIPLES,0401,ÁREAS MÚLTIPLES,,,,Maestro de aula: todas las áreas con su grupo,
33,Núñez Perlaza Elcy,VIERNES,3,2,1,08:20,09:05,AREAS_MULTIPLES,0402,ÁREAS MÚLTIPLES,,,,Maestro de aula: todas las áreas con su grupo,
14,Cuéllar Gallo Nemesia,VIERNES,3,2,1,08:20,09:05,AREAS_MULTIPLES,0501,ÁREAS MÚLTIPLES,,,,Maestro de aula: todas las áreas con su grupo,
11,Centeno Zúñiga Claudia Patricia,VIERNES,3,2,1,08:20,09:05,AREAS_MULTIPLES,0502,ÁREAS MÚLTIPLES,,,,Maestro de aula: todas las áreas con su grupo,
32,Narváez Sánchez Dora Alejandra,VIERNES,3,2,1,08:20,09:05,AREAS_MULTIPLES,0503,ÁREAS MÚLTIPLES,,,,Maestro de aula: todas las áreas con su grupo,
17,Escobar Cortés Liliana,VIERNES,3,2,1,08:20,09:05,AREAS_MULTIPLES,0504,ÁREAS MÚLTIPLES,,,,Maestro de aula: todas las áreas con su grupo,
16,Cuero Rincón Hernando Jesús,VIERNES,3,2,1,08:20,09:05,CLASE,0601,TEI,,,,,0601-TEI
37,Prado Quiñones Genís Maribel,VIERNES,3,2,1,08:20,09:05,CLASE,0602,CNA,,,,,0602-CNA
10,Castillo Cuero Daira Eneida,VIERNES,3,2,1,08:20,09:05,CLASE,0701,CAS,,,,,0701-CAS
34,Ordóñez Tenorio Jaime Marcial,VIERNES,3,2,1,08:20,09:05,CLASE,0702,CNA,,,,,0702-CNA
1,Aguirre Riascos Jorge Andrés,VIERNES,3,2,1,08:20,09:05,CLASE,0703,TEI,,,,,0703-TEI
39,Puches Ana Milena,VIERNES,3,2,1,08:20,09:05,CLASE,0704,ART,,,,,0704-ART
15,Cuero Bamba Berte Levi,VIERNES,3,2,1,08:20,09:05,CLASE,0801,ERD,,,,,0801-ERD
28,Meza Banguera Gladys Alicia,VIERNES,3,2,1,08:20,09:05,CLASE,0901,CAS,,,,,0901-CAS
49,Valencia Marínez Saidy Eufemia,VIERNES,3,2,1,08:20,09:05,CLASE,1001,ART,,,,,1001-ART
30,Montaño Anchico Favio Héctor,VIERNES,3,2,1,08:20,09:05,CLASE,1101,CAS,,,,,1101-CAS
3,Arboleda Ortiz Luz América,VIERNES,3,2,1,08:20,09:05,CLASE,1102,ART,,,,,1102-ART
26,Lozano Torres Amanda Inés,VIERNES,3,2,1,08:20,09:05,CLASE,CS101,ETR,,,,Ética / Religión (alternan cada semana),CS101-ETR
20,García Gobea Saydi Magali,VIERNES,3,2,1,08:20,09:05,CLASE,CS102,CSI,,,,Sociales / Inglés (alternan cada semana),CS102-CSI
12,Chillambo Quiñones María Rocío,VIERNES,3,2,1,08:20,09:05,CLASE,CS201,CNA,,,,,CS201-CNA
44,Samaniego Angulo Flor Mireya,VIERNES,3,2,1,08:20,09:05,CLASE,CS202,ART,,,,,CS202-ART
7,Casanova Casanova Johana Andrea,VIERNES,3,2,1,08:20,09:05,ORIENTACION,ORIENT,ORIENTACIÓN ESCOLAR,,,,Jornada 07:30 a 14:30,
36,Ponce Moncayo Ángela Paola,VIERNES,3,2,1,08:20,09:05,ORIENTACION,ORIENT,ORIENTACIÓN ESCOLAR,,,,Jornada 08:30 a 13:30,
56,Ortiz Estacio Martha Cecilia,VIERNES,3,2,1,08:20,09:05,TUTORIA,PTAFI,TUTORÍA PTAFI,,,,Jornada 06:30 a 12:00,
9,Castillo Angulo Martha Cecilia,VIERNES,3,2,1,08:20,09:05,ENFASIS,,ETR,0802,0802,Ortiz Araujo Adiela Carlota (CSI),PAREJA: comparten el énfasis y alternan por semana,ENFASIS-0802
19,Fernández Vélez Alfredo Enrique,VIERNES,3,2,1,08:20,09:05,ENFASIS,,TEI,D3-8°,0802,Preciado Torres Oleisa (MAT),PAREJA: comparten el énfasis y alternan por semana,ENFASIS-D3-8°
35,Ortiz Araujo Adiela Carlota,VIERNES,3,2,1,08:20,09:05,ENFASIS,,CSI,0802,0802,Castillo Angulo Martha Cecilia (ETR),PAREJA: comparten el énfasis y alternan por semana,ENFASIS-0802
38,Preciado Torres Oleisa,VIERNES,3,2,1,08:20,09:05,ENFASIS,,MAT,D3-8°,0802,Fernández Vélez Alfredo Enrique (TEI),PAREJA: comparten el énfasis y alternan por semana,ENFASIS-D3-8°
5,Bastidas Valencia Zeneida Judith,VIERNES,3,2,1,08:20,09:05,ENFASIS,,MAT,0902,0902,Betancourth Ocampo Yohana Patricia (CSI); Estacio Estupiñán Rosario (ETR); Mindineros Satizábal John Jáver (TEI),EQUIPO DE 4: cada docente atiende un grupo de estudiantes en su área,ENFASIS-0902
6,Betancourth Ocampo Yohana Patricia,VIERNES,3,2,1,08:20,09:05,ENFASIS,,CSI,0902,0902,Estacio Estupiñán Rosario (ETR); Bastidas Valencia Zeneida Judith (MAT); Mindineros Satizábal John Jáver (TEI),EQUIPO DE 4: cada docente atiende un grupo de estudiantes en su área,ENFASIS-0902
18,Estacio Estupiñán Rosario,VIERNES,3,2,1,08:20,09:05,ENFASIS,,ETR,0902,0902,Betancourth Ocampo Yohana Patricia (CSI); Bastidas Valencia Zeneida Judith (MAT); Mindineros Satizábal John Jáver (TEI),EQUIPO DE 4: cada docente atiende un grupo de estudiantes en su área,ENFASIS-0902
29,Mindineros Satizábal John Jáver,VIERNES,3,2,1,08:20,09:05,ENFASIS,,TEI,0902,0902,Betancourth Ocampo Yohana Patricia (CSI); Estacio Estupiñán Rosario (ETR); Bastidas Valencia Zeneida Judith (MAT),EQUIPO DE 4: cada docente atiende un grupo de estudiantes en su área,ENFASIS-0902
2,Angulo Lucero Andrés Mauricio,VIERNES,3,2,1,08:20,09:05,ENFASIS,,TEI,D5-10°,1002,Pulgarín Ortiz César Marino (CSI); Montaño Arizala Leidis Claudina (ETR); Villota Rubio Janeth del Carmen (MAT),EQUIPO DE 4: cada docente atiende un grupo de estudiantes en su área,ENFASIS-D5-10°
31,Montaño Arizala Leidis Claudina,VIERNES,3,2,1,08:20,09:05,ENFASIS,,ETR,D5-10°,1002,Pulgarín Ortiz César Marino (CSI); Villota Rubio Janeth del Carmen (MAT); Angulo Lucero Andrés Mauricio (TEI),EQUIPO DE 4: cada docente atiende un grupo de estudiantes en su área,ENFASIS-D5-10°
40,Pulgarín Ortiz César Marino,VIERNES,3,2,1,08:20,09:05,ENFASIS,,CSI,D5-10°,1002,Montaño Arizala Leidis Claudina (ETR); Villota Rubio Janeth del Carmen (MAT); Angulo Lucero Andrés Mauricio (TEI),EQUIPO DE 4: cada docente atiende un grupo de estudiantes en su área,ENFASIS-D5-10°
54,Villota Rubio Janeth del Carmen,VIERNES,3,2,1,08:20,09:05,ENFASIS,,MAT,D5-10°,1002,Pulgarín Ortiz César Marino (CSI); Montaño Arizala Leidis Claudina (ETR); Angulo Lucero Andrés Mauricio (TEI),EQUIPO DE 4: cada docente atiende un grupo de estudiantes en su área,ENFASIS-D5-10°
50,Valencia Solís Gloria Alexa,VIERNES,4,2,2,09:05,09:50,AREAS_MULTIPLES,0001,ÁREAS MÚLTIPLES,,,,Maestro de aula: todas las áreas con su grupo,
27,Martínez Álvarez Andrea Ascención,VIERNES,4,2,2,09:05,09:50,AREAS_MULTIPLES,0002,ÁREAS MÚLTIPLES,,,,Maestro de aula: todas las áreas con su grupo,
23,Landázuri Quiñones María Elia,VIERNES,4,2,2,09:05,09:50,AREAS_MULTIPLES,0101,ÁREAS MÚLTIPLES,,,,Maestro de aula: todas las áreas con su grupo,
45,Sinisterra Ana Lucía,VIERNES,4,2,2,09:05,09:50,AREAS_MULTIPLES,0102,ÁREAS MÚLTIPLES,,,,Maestro de aula: todas las áreas con su grupo,
13,Cortés Salazar María Ebelice,VIERNES,4,2,2,09:05,09:50,AREAS_MULTIPLES,0201,ÁREAS MÚLTIPLES,,,,Maestro de aula: todas las áreas con su grupo,
21,Garzón Quiñones Sixta Janina,VIERNES,4,2,2,09:05,09:50,AREAS_MULTIPLES,0202,ÁREAS MÚLTIPLES,,,,Maestro de aula: todas las áreas con su grupo,
46,Tenorio Cuero Lucy Bivian,VIERNES,4,2,2,09:05,09:50,AREAS_MULTIPLES,0203,ÁREAS MÚLTIPLES,,,,Maestro de aula: todas las áreas con su grupo,
48,Torres Segura Encarnación,VIERNES,4,2,2,09:05,09:50,AREAS_MULTIPLES,0301,ÁREAS MÚLTIPLES,,,,Maestro de aula: todas las áreas con su grupo,
24,Landázuri Gallón Teresa,VIERNES,4,2,2,09:05,09:50,AREAS_MULTIPLES,0302,ÁREAS MÚLTIPLES,,,,Maestro de aula: todas las áreas con su grupo,
55,Zamora Ordóñez Celia Pastora,VIERNES,4,2,2,09:05,09:50,AREAS_MULTIPLES,0401,ÁREAS MÚLTIPLES,,,,Maestro de aula: todas las áreas con su grupo,
33,Núñez Perlaza Elcy,VIERNES,4,2,2,09:05,09:50,AREAS_MULTIPLES,0402,ÁREAS MÚLTIPLES,,,,Maestro de aula: todas las áreas con su grupo,
14,Cuéllar Gallo Nemesia,VIERNES,4,2,2,09:05,09:50,AREAS_MULTIPLES,0501,ÁREAS MÚLTIPLES,,,,Maestro de aula: todas las áreas con su grupo,
11,Centeno Zúñiga Claudia Patricia,VIERNES,4,2,2,09:05,09:50,AREAS_MULTIPLES,0502,ÁREAS MÚLTIPLES,,,,Maestro de aula: todas las áreas con su grupo,
32,Narváez Sánchez Dora Alejandra,VIERNES,4,2,2,09:05,09:50,AREAS_MULTIPLES,0503,ÁREAS MÚLTIPLES,,,,Maestro de aula: todas las áreas con su grupo,
17,Escobar Cortés Liliana,VIERNES,4,2,2,09:05,09:50,AREAS_MULTIPLES,0504,ÁREAS MÚLTIPLES,,,,Maestro de aula: todas las áreas con su grupo,
16,Cuero Rincón Hernando Jesús,VIERNES,4,2,2,09:05,09:50,CLASE,0601,TEI,,,,,0601-TEI
37,Prado Quiñones Genís Maribel,VIERNES,4,2,2,09:05,09:50,CLASE,0602,CNA,,,,,0602-CNA
10,Castillo Cuero Daira Eneida,VIERNES,4,2,2,09:05,09:50,CLASE,0701,CAS,,,,,0701-CAS
34,Ordóñez Tenorio Jaime Marcial,VIERNES,4,2,2,09:05,09:50,CLASE,0702,CNA,,,,,0702-CNA
1,Aguirre Riascos Jorge Andrés,VIERNES,4,2,2,09:05,09:50,CLASE,0703,TEI,,,,,0703-TEI
39,Puches Ana Milena,VIERNES,4,2,2,09:05,09:50,CLASE,0704,ART,,,,,0704-ART
15,Cuero Bamba Berte Levi,VIERNES,4,2,2,09:05,09:50,CLASE,0801,ERD,,,,,0801-ERD
28,Meza Banguera Gladys Alicia,VIERNES,4,2,2,09:05,09:50,CLASE,0901,CAS,,,,,0901-CAS
49,Valencia Marínez Saidy Eufemia,VIERNES,4,2,2,09:05,09:50,CLASE,1001,ART,,,,,1001-ART
30,Montaño Anchico Favio Héctor,VIERNES,4,2,2,09:05,09:50,CLASE,1101,CAS,,,,,1101-CAS
3,Arboleda Ortiz Luz América,VIERNES,4,2,2,09:05,09:50,CLASE,1102,ART,,,,,1102-ART
26,Lozano Torres Amanda Inés,VIERNES,4,2,2,09:05,09:50,CLASE,CS101,ETR,,,,Ética / Religión (alternan cada semana),CS101-ETR
20,García Gobea Saydi Magali,VIERNES,4,2,2,09:05,09:50,CLASE,CS102,CSI,,,,Sociales / Inglés (alternan cada semana),CS102-CSI
12,Chillambo Quiñones María Rocío,VIERNES,4,2,2,09:05,09:50,CLASE,CS201,CNA,,,,,CS201-CNA
44,Samaniego Angulo Flor Mireya,VIERNES,4,2,2,09:05,09:50,CLASE,CS202,ART,,,,,CS202-ART
7,Casanova Casanova Johana Andrea,VIERNES,4,2,2,09:05,09:50,ORIENTACION,ORIENT,ORIENTACIÓN ESCOLAR,,,,Jornada 07:30 a 14:30,
36,Ponce Moncayo Ángela Paola,VIERNES,4,2,2,09:05,09:50,ORIENTACION,ORIENT,ORIENTACIÓN ESCOLAR,,,,Jornada 08:30 a 13:30,
56,Ortiz Estacio Martha Cecilia,VIERNES,4,2,2,09:05,09:50,TUTORIA,PTAFI,TUTORÍA PTAFI,,,,Jornada 06:30 a 12:00,
9,Castillo Angulo Martha Cecilia,VIERNES,4,2,2,09:05,09:50,ENFASIS,,ETR,0802,0802,Ortiz Araujo Adiela Carlota (CSI),PAREJA: comparten el énfasis y alternan por semana,ENFASIS-0802
19,Fernández Vélez Alfredo Enrique,VIERNES,4,2,2,09:05,09:50,ENFASIS,,TEI,D3-8°,0802,Preciado Torres Oleisa (MAT),PAREJA: comparten el énfasis y alternan por semana,ENFASIS-D3-8°
35,Ortiz Araujo Adiela Carlota,VIERNES,4,2,2,09:05,09:50,ENFASIS,,CSI,0802,0802,Castillo Angulo Martha Cecilia (ETR),PAREJA: comparten el énfasis y alternan por semana,ENFASIS-0802
38,Preciado Torres Oleisa,VIERNES,4,2,2,09:05,09:50,ENFASIS,,MAT,D3-8°,0802,Fernández Vélez Alfredo Enrique (TEI),PAREJA: comparten el énfasis y alternan por semana,ENFASIS-D3-8°
5,Bastidas Valencia Zeneida Judith,VIERNES,4,2,2,09:05,09:50,ENFASIS,,MAT,0902,0902,Betancourth Ocampo Yohana Patricia (CSI); Estacio Estupiñán Rosario (ETR); Mindineros Satizábal John Jáver (TEI),EQUIPO DE 4: cada docente atiende un grupo de estudiantes en su área,ENFASIS-0902
6,Betancourth Ocampo Yohana Patricia,VIERNES,4,2,2,09:05,09:50,ENFASIS,,CSI,0902,0902,Estacio Estupiñán Rosario (ETR); Bastidas Valencia Zeneida Judith (MAT); Mindineros Satizábal John Jáver (TEI),EQUIPO DE 4: cada docente atiende un grupo de estudiantes en su área,ENFASIS-0902
18,Estacio Estupiñán Rosario,VIERNES,4,2,2,09:05,09:50,ENFASIS,,ETR,0902,0902,Betancourth Ocampo Yohana Patricia (CSI); Bastidas Valencia Zeneida Judith (MAT); Mindineros Satizábal John Jáver (TEI),EQUIPO DE 4: cada docente atiende un grupo de estudiantes en su área,ENFASIS-0902
29,Mindineros Satizábal John Jáver,VIERNES,4,2,2,09:05,09:50,ENFASIS,,TEI,0902,0902,Betancourth Ocampo Yohana Patricia (CSI); Estacio Estupiñán Rosario (ETR); Bastidas Valencia Zeneida Judith (MAT),EQUIPO DE 4: cada docente atiende un grupo de estudiantes en su área,ENFASIS-0902
2,Angulo Lucero Andrés Mauricio,VIERNES,4,2,2,09:05,09:50,ENFASIS,,TEI,D5-10°,1002,Pulgarín Ortiz César Marino (CSI); Montaño Arizala Leidis Claudina (ETR); Villota Rubio Janeth del Carmen (MAT),EQUIPO DE 4: cada docente atiende un grupo de estudiantes en su área,ENFASIS-D5-10°
31,Montaño Arizala Leidis Claudina,VIERNES,4,2,2,09:05,09:50,ENFASIS,,ETR,D5-10°,1002,Pulgarín Ortiz César Marino (CSI); Villota Rubio Janeth del Carmen (MAT); Angulo Lucero Andrés Mauricio (TEI),EQUIPO DE 4: cada docente atiende un grupo de estudiantes en su área,ENFASIS-D5-10°
40,Pulgarín Ortiz César Marino,VIERNES,4,2,2,09:05,09:50,ENFASIS,,CSI,D5-10°,1002,Montaño Arizala Leidis Claudina (ETR); Villota Rubio Janeth del Carmen (MAT); Angulo Lucero Andrés Mauricio (TEI),EQUIPO DE 4: cada docente atiende un grupo de estudiantes en su área,ENFASIS-D5-10°
54,Villota Rubio Janeth del Carmen,VIERNES,4,2,2,09:05,09:50,ENFASIS,,MAT,D5-10°,1002,Pulgarín Ortiz César Marino (CSI); Montaño Arizala Leidis Claudina (ETR); Angulo Lucero Andrés Mauricio (TEI),EQUIPO DE 4: cada docente atiende un grupo de estudiantes en su área,ENFASIS-D5-10°
50,Valencia Solís Gloria Alexa,VIERNES,5,3,1,10:10,10:55,AREAS_MULTIPLES,0001,ÁREAS MÚLTIPLES,,,,Maestro de aula: todas las áreas con su grupo,
27,Martínez Álvarez Andrea Ascención,VIERNES,5,3,1,10:10,10:55,AREAS_MULTIPLES,0002,ÁREAS MÚLTIPLES,,,,Maestro de aula: todas las áreas con su grupo,
23,Landázuri Quiñones María Elia,VIERNES,5,3,1,10:10,10:55,AREAS_MULTIPLES,0101,ÁREAS MÚLTIPLES,,,,Maestro de aula: todas las áreas con su grupo,
45,Sinisterra Ana Lucía,VIERNES,5,3,1,10:10,10:55,AREAS_MULTIPLES,0102,ÁREAS MÚLTIPLES,,,,Maestro de aula: todas las áreas con su grupo,
13,Cortés Salazar María Ebelice,VIERNES,5,3,1,10:10,10:55,AREAS_MULTIPLES,0201,ÁREAS MÚLTIPLES,,,,Maestro de aula: todas las áreas con su grupo,
21,Garzón Quiñones Sixta Janina,VIERNES,5,3,1,10:10,10:55,AREAS_MULTIPLES,0202,ÁREAS MÚLTIPLES,,,,Maestro de aula: todas las áreas con su grupo,
46,Tenorio Cuero Lucy Bivian,VIERNES,5,3,1,10:10,10:55,AREAS_MULTIPLES,0203,ÁREAS MÚLTIPLES,,,,Maestro de aula: todas las áreas con su grupo,
48,Torres Segura Encarnación,VIERNES,5,3,1,10:10,10:55,AREAS_MULTIPLES,0301,ÁREAS MÚLTIPLES,,,,Maestro de aula: todas las áreas con su grupo,
24,Landázuri Gallón Teresa,VIERNES,5,3,1,10:10,10:55,AREAS_MULTIPLES,0302,ÁREAS MÚLTIPLES,,,,Maestro de aula: todas las áreas con su grupo,
55,Zamora Ordóñez Celia Pastora,VIERNES,5,3,1,10:10,10:55,AREAS_MULTIPLES,0401,ÁREAS MÚLTIPLES,,,,Maestro de aula: todas las áreas con su grupo,
33,Núñez Perlaza Elcy,VIERNES,5,3,1,10:10,10:55,AREAS_MULTIPLES,0402,ÁREAS MÚLTIPLES,,,,Maestro de aula: todas las áreas con su grupo,
14,Cuéllar Gallo Nemesia,VIERNES,5,3,1,10:10,10:55,AREAS_MULTIPLES,0501,ÁREAS MÚLTIPLES,,,,Maestro de aula: todas las áreas con su grupo,
11,Centeno Zúñiga Claudia Patricia,VIERNES,5,3,1,10:10,10:55,AREAS_MULTIPLES,0502,ÁREAS MÚLTIPLES,,,,Maestro de aula: todas las áreas con su grupo,
32,Narváez Sánchez Dora Alejandra,VIERNES,5,3,1,10:10,10:55,AREAS_MULTIPLES,0503,ÁREAS MÚLTIPLES,,,,Maestro de aula: todas las áreas con su grupo,
17,Escobar Cortés Liliana,VIERNES,5,3,1,10:10,10:55,AREAS_MULTIPLES,0504,ÁREAS MÚLTIPLES,,,,Maestro de aula: todas las áreas con su grupo,
26,Lozano Torres Amanda Inés,VIERNES,5,3,1,10:10,10:55,CLASE,0601,ETR,,,,Ética / Religión (alternan cada semana),0601-ETR
4,Arizala Castro Roberto Carlos,VIERNES,5,3,1,10:10,10:55,CLASE,0602,ERD,,,,,0602-ERD
34,Ordóñez Tenorio Jaime Marcial,VIERNES,5,3,1,10:10,10:55,CLASE,0701,CNA,,,,,0701-CNA
41,Quintero Ramírez María del Carmen,VIERNES,5,3,1,10:10,10:55,CLASE,0702,CSI,,,,Sociales / Inglés (alternan cada semana),0702-CSI
39,Puches Ana Milena,VIERNES,5,3,1,10:10,10:55,CLASE,0703,ART,,,,,0703-ART
52,Vásquez Valencia Segundo Leoncio,VIERNES,5,3,1,10:10,10:55,CLASE,0704,MAT,,,,,0704-MAT
38,Preciado Torres Oleisa,VIERNES,5,3,1,10:10,10:55,CLASE,0802,MAT,,,,,0802-MAT
22,González Castillo Jólmer Jimy,VIERNES,5,3,1,10:10,10:55,CLASE,0901,ERD,,,,,0901-ERD
25,Lemos Guancha Miriam,VIERNES,5,3,1,10:10,10:55,CLASE,0902,CNA,,,,,0902-CNA
54,Villota Rubio Janeth del Carmen,VIERNES,5,3,1,10:10,10:55,CLASE,1002,MAT,,,,,1002-MAT
40,Pulgarín Ortiz César Marino,VIERNES,5,3,1,10:10,10:55,CLASE,1101,CSI,,,,Sociales / Inglés (alternan cada semana),1101-CSI
31,Montaño Arizala Leidis Claudina,VIERNES,5,3,1,10:10,10:55,CLASE,1102,ETR,,,,Ética / Religión (alternan cada semana),1102-ETR
42,Quiñones Cabezas Marcos Vidal,VIERNES,5,3,1,10:10,10:55,CLASE,CS101,MAT,,,,,CS101-MAT
16,Cuero Rincón Hernando Jesús,VIERNES,5,3,1,10:10,10:55,CLASE,CS102,CAS,,,,,CS102-CAS
19,Fernández Vélez Alfredo Enrique,VIERNES,5,3,1,10:10,10:55,CLASE,CS201,TEI,,,,,CS201-TEI
7,Casanova Casanova Johana Andrea,VIERNES,5,3,1,10:10,10:55,ORIENTACION,ORIENT,ORIENTACIÓN ESCOLAR,,,,Jornada 07:30 a 14:30,
36,Ponce Moncayo Ángela Paola,VIERNES,5,3,1,10:10,10:55,ORIENTACION,ORIENT,ORIENTACIÓN ESCOLAR,,,,Jornada 08:30 a 13:30,
56,Ortiz Estacio Martha Cecilia,VIERNES,5,3,1,10:10,10:55,TUTORIA,PTAFI,TUTORÍA PTAFI,,,,Jornada 06:30 a 12:00,
12,Chillambo Quiñones María Rocío,VIERNES,5,3,1,10:10,10:55,ENFASIS,,CNA,0801,0801,Samaniego Angulo Flor Mireya (ART); Valverde Montaño María Teresa (CAS); Cuero Bamba Berte Levi (ERD),EQUIPO DE 4: cada docente atiende un grupo de estudiantes en su área,ENFASIS-0801
15,Cuero Bamba Berte Levi,VIERNES,5,3,1,10:10,10:55,ENFASIS,,ERD,0801,0801,Samaniego Angulo Flor Mireya (ART); Valverde Montaño María Teresa (CAS); Chillambo Quiñones María Rocío (CNA),EQUIPO DE 4: cada docente atiende un grupo de estudiantes en su área,ENFASIS-0801
44,Samaniego Angulo Flor Mireya,VIERNES,5,3,1,10:10,10:55,ENFASIS,,ART,0801,0801,Valverde Montaño María Teresa (CAS); Cuero Bamba Berte Levi (ERD); Chillambo Quiñones María Rocío (CNA),EQUIPO DE 4: cada docente atiende un grupo de estudiantes en su área,ENFASIS-0801
51,Valverde Montaño María Teresa,VIERNES,5,3,1,10:10,10:55,ENFASIS,,CAS,0801,0801,Samaniego Angulo Flor Mireya (ART); Cuero Bamba Berte Levi (ERD); Chillambo Quiñones María Rocío (CNA),EQUIPO DE 4: cada docente atiende un grupo de estudiantes en su área,ENFASIS-0801
3,Arboleda Ortiz Luz América,VIERNES,5,3,1,10:10,10:55,ENFASIS,,ART,D5-10°,1001,Montaño Anchico Favio Héctor (CAS); Ramírez Guerra Jimmy Eduardo (ERD); Villota Rubio Héctor Hugo (CNA),EQUIPO DE 4: cada docente atiende un grupo de estudiantes en su área,ENFASIS-D5-10°
30,Montaño Anchico Favio Héctor,VIERNES,5,3,1,10:10,10:55,ENFASIS,,CAS,D5-10°,1001,Arboleda Ortiz Luz América (ART); Ramírez Guerra Jimmy Eduardo (ERD); Villota Rubio Héctor Hugo (CNA),EQUIPO DE 4: cada docente atiende un grupo de estudiantes en su área,ENFASIS-D5-10°
43,Ramírez Guerra Jimmy Eduardo,VIERNES,5,3,1,10:10,10:55,ENFASIS,,ERD,D5-10°,1001,Arboleda Ortiz Luz América (ART); Montaño Anchico Favio Héctor (CAS); Villota Rubio Héctor Hugo (CNA),EQUIPO DE 4: cada docente atiende un grupo de estudiantes en su área,ENFASIS-D5-10°
53,Villota Rubio Héctor Hugo,VIERNES,5,3,1,10:10,10:55,ENFASIS,,CNA,D5-10°,1001,Arboleda Ortiz Luz América (ART); Montaño Anchico Favio Héctor (CAS); Ramírez Guerra Jimmy Eduardo (ERD),EQUIPO DE 4: cada docente atiende un grupo de estudiantes en su área,ENFASIS-D5-10°
5,Bastidas Valencia Zeneida Judith,VIERNES,5,3,1,10:10,10:55,ENFASIS,,MAT,CS202,CS202,Betancourth Ocampo Yohana Patricia (CSI); Estacio Estupiñán Rosario (ETR); Mindineros Satizábal John Jáver (TEI),EQUIPO DE 4: cada docente atiende un grupo de estudiantes en su área,ENFASIS-CS202
6,Betancourth Ocampo Yohana Patricia,VIERNES,5,3,1,10:10,10:55,ENFASIS,,CSI,CS202,CS202,Estacio Estupiñán Rosario (ETR); Bastidas Valencia Zeneida Judith (MAT); Mindineros Satizábal John Jáver (TEI),EQUIPO DE 4: cada docente atiende un grupo de estudiantes en su área,ENFASIS-CS202
18,Estacio Estupiñán Rosario,VIERNES,5,3,1,10:10,10:55,ENFASIS,,ETR,CS202,CS202,Betancourth Ocampo Yohana Patricia (CSI); Bastidas Valencia Zeneida Judith (MAT); Mindineros Satizábal John Jáver (TEI),EQUIPO DE 4: cada docente atiende un grupo de estudiantes en su área,ENFASIS-CS202
29,Mindineros Satizábal John Jáver,VIERNES,5,3,1,10:10,10:55,ENFASIS,,TEI,CS202,CS202,Betancourth Ocampo Yohana Patricia (CSI); Estacio Estupiñán Rosario (ETR); Bastidas Valencia Zeneida Judith (MAT),EQUIPO DE 4: cada docente atiende un grupo de estudiantes en su área,ENFASIS-CS202
50,Valencia Solís Gloria Alexa,VIERNES,6,3,2,10:55,11:40,AREAS_MULTIPLES,0001,ÁREAS MÚLTIPLES,,,,Maestro de aula: todas las áreas con su grupo,
27,Martínez Álvarez Andrea Ascención,VIERNES,6,3,2,10:55,11:40,AREAS_MULTIPLES,0002,ÁREAS MÚLTIPLES,,,,Maestro de aula: todas las áreas con su grupo,
23,Landázuri Quiñones María Elia,VIERNES,6,3,2,10:55,11:40,AREAS_MULTIPLES,0101,ÁREAS MÚLTIPLES,,,,Maestro de aula: todas las áreas con su grupo,
45,Sinisterra Ana Lucía,VIERNES,6,3,2,10:55,11:40,AREAS_MULTIPLES,0102,ÁREAS MÚLTIPLES,,,,Maestro de aula: todas las áreas con su grupo,
13,Cortés Salazar María Ebelice,VIERNES,6,3,2,10:55,11:40,AREAS_MULTIPLES,0201,ÁREAS MÚLTIPLES,,,,Maestro de aula: todas las áreas con su grupo,
21,Garzón Quiñones Sixta Janina,VIERNES,6,3,2,10:55,11:40,AREAS_MULTIPLES,0202,ÁREAS MÚLTIPLES,,,,Maestro de aula: todas las áreas con su grupo,
46,Tenorio Cuero Lucy Bivian,VIERNES,6,3,2,10:55,11:40,AREAS_MULTIPLES,0203,ÁREAS MÚLTIPLES,,,,Maestro de aula: todas las áreas con su grupo,
48,Torres Segura Encarnación,VIERNES,6,3,2,10:55,11:40,AREAS_MULTIPLES,0301,ÁREAS MÚLTIPLES,,,,Maestro de aula: todas las áreas con su grupo,
24,Landázuri Gallón Teresa,VIERNES,6,3,2,10:55,11:40,AREAS_MULTIPLES,0302,ÁREAS MÚLTIPLES,,,,Maestro de aula: todas las áreas con su grupo,
55,Zamora Ordóñez Celia Pastora,VIERNES,6,3,2,10:55,11:40,AREAS_MULTIPLES,0401,ÁREAS MÚLTIPLES,,,,Maestro de aula: todas las áreas con su grupo,
33,Núñez Perlaza Elcy,VIERNES,6,3,2,10:55,11:40,AREAS_MULTIPLES,0402,ÁREAS MÚLTIPLES,,,,Maestro de aula: todas las áreas con su grupo,
14,Cuéllar Gallo Nemesia,VIERNES,6,3,2,10:55,11:40,AREAS_MULTIPLES,0501,ÁREAS MÚLTIPLES,,,,Maestro de aula: todas las áreas con su grupo,
11,Centeno Zúñiga Claudia Patricia,VIERNES,6,3,2,10:55,11:40,AREAS_MULTIPLES,0502,ÁREAS MÚLTIPLES,,,,Maestro de aula: todas las áreas con su grupo,
32,Narváez Sánchez Dora Alejandra,VIERNES,6,3,2,10:55,11:40,AREAS_MULTIPLES,0503,ÁREAS MÚLTIPLES,,,,Maestro de aula: todas las áreas con su grupo,
17,Escobar Cortés Liliana,VIERNES,6,3,2,10:55,11:40,AREAS_MULTIPLES,0504,ÁREAS MÚLTIPLES,,,,Maestro de aula: todas las áreas con su grupo,
26,Lozano Torres Amanda Inés,VIERNES,6,3,2,10:55,11:40,CLASE,0601,ETR,,,,Ética / Religión (alternan cada semana),0601-ETR
4,Arizala Castro Roberto Carlos,VIERNES,6,3,2,10:55,11:40,CLASE,0602,ERD,,,,,0602-ERD
34,Ordóñez Tenorio Jaime Marcial,VIERNES,6,3,2,10:55,11:40,CLASE,0701,CNA,,,,,0701-CNA
41,Quintero Ramírez María del Carmen,VIERNES,6,3,2,10:55,11:40,CLASE,0702,CSI,,,,Sociales / Inglés (alternan cada semana),0702-CSI
39,Puches Ana Milena,VIERNES,6,3,2,10:55,11:40,CLASE,0703,ART,,,,,0703-ART
52,Vásquez Valencia Segundo Leoncio,VIERNES,6,3,2,10:55,11:40,CLASE,0704,MAT,,,,,0704-MAT
38,Preciado Torres Oleisa,VIERNES,6,3,2,10:55,11:40,CLASE,0802,MAT,,,,,0802-MAT
22,González Castillo Jólmer Jimy,VIERNES,6,3,2,10:55,11:40,CLASE,0901,ERD,,,,,0901-ERD
25,Lemos Guancha Miriam,VIERNES,6,3,2,10:55,11:40,CLASE,0902,CNA,,,,,0902-CNA
54,Villota Rubio Janeth del Carmen,VIERNES,6,3,2,10:55,11:40,CLASE,1002,MAT,,,,,1002-MAT
40,Pulgarín Ortiz César Marino,VIERNES,6,3,2,10:55,11:40,CLASE,1101,CSI,,,,Sociales / Inglés (alternan cada semana),1101-CSI
31,Montaño Arizala Leidis Claudina,VIERNES,6,3,2,10:55,11:40,CLASE,1102,ETR,,,,Ética / Religión (alternan cada semana),1102-ETR
42,Quiñones Cabezas Marcos Vidal,VIERNES,6,3,2,10:55,11:40,CLASE,CS101,MAT,,,,,CS101-MAT
16,Cuero Rincón Hernando Jesús,VIERNES,6,3,2,10:55,11:40,CLASE,CS102,CAS,,,,,CS102-CAS
19,Fernández Vélez Alfredo Enrique,VIERNES,6,3,2,10:55,11:40,CLASE,CS201,TEI,,,,,CS201-TEI
7,Casanova Casanova Johana Andrea,VIERNES,6,3,2,10:55,11:40,ORIENTACION,ORIENT,ORIENTACIÓN ESCOLAR,,,,Jornada 07:30 a 14:30,
36,Ponce Moncayo Ángela Paola,VIERNES,6,3,2,10:55,11:40,ORIENTACION,ORIENT,ORIENTACIÓN ESCOLAR,,,,Jornada 08:30 a 13:30,
56,Ortiz Estacio Martha Cecilia,VIERNES,6,3,2,10:55,11:40,TUTORIA,PTAFI,TUTORÍA PTAFI,,,,Jornada 06:30 a 12:00,
12,Chillambo Quiñones María Rocío,VIERNES,6,3,2,10:55,11:40,ENFASIS,,CNA,0801,0801,Samaniego Angulo Flor Mireya (ART); Valverde Montaño María Teresa (CAS); Cuero Bamba Berte Levi (ERD),EQUIPO DE 4: cada docente atiende un grupo de estudiantes en su área,ENFASIS-0801
15,Cuero Bamba Berte Levi,VIERNES,6,3,2,10:55,11:40,ENFASIS,,ERD,0801,0801,Samaniego Angulo Flor Mireya (ART); Valverde Montaño María Teresa (CAS); Chillambo Quiñones María Rocío (CNA),EQUIPO DE 4: cada docente atiende un grupo de estudiantes en su área,ENFASIS-0801
44,Samaniego Angulo Flor Mireya,VIERNES,6,3,2,10:55,11:40,ENFASIS,,ART,0801,0801,Valverde Montaño María Teresa (CAS); Cuero Bamba Berte Levi (ERD); Chillambo Quiñones María Rocío (CNA),EQUIPO DE 4: cada docente atiende un grupo de estudiantes en su área,ENFASIS-0801
51,Valverde Montaño María Teresa,VIERNES,6,3,2,10:55,11:40,ENFASIS,,CAS,0801,0801,Samaniego Angulo Flor Mireya (ART); Cuero Bamba Berte Levi (ERD); Chillambo Quiñones María Rocío (CNA),EQUIPO DE 4: cada docente atiende un grupo de estudiantes en su área,ENFASIS-0801
3,Arboleda Ortiz Luz América,VIERNES,6,3,2,10:55,11:40,ENFASIS,,ART,D5-10°,1001,Montaño Anchico Favio Héctor (CAS); Ramírez Guerra Jimmy Eduardo (ERD); Villota Rubio Héctor Hugo (CNA),EQUIPO DE 4: cada docente atiende un grupo de estudiantes en su área,ENFASIS-D5-10°
30,Montaño Anchico Favio Héctor,VIERNES,6,3,2,10:55,11:40,ENFASIS,,CAS,D5-10°,1001,Arboleda Ortiz Luz América (ART); Ramírez Guerra Jimmy Eduardo (ERD); Villota Rubio Héctor Hugo (CNA),EQUIPO DE 4: cada docente atiende un grupo de estudiantes en su área,ENFASIS-D5-10°
43,Ramírez Guerra Jimmy Eduardo,VIERNES,6,3,2,10:55,11:40,ENFASIS,,ERD,D5-10°,1001,Arboleda Ortiz Luz América (ART); Montaño Anchico Favio Héctor (CAS); Villota Rubio Héctor Hugo (CNA),EQUIPO DE 4: cada docente atiende un grupo de estudiantes en su área,ENFASIS-D5-10°
53,Villota Rubio Héctor Hugo,VIERNES,6,3,2,10:55,11:40,ENFASIS,,CNA,D5-10°,1001,Arboleda Ortiz Luz América (ART); Montaño Anchico Favio Héctor (CAS); Ramírez Guerra Jimmy Eduardo (ERD),EQUIPO DE 4: cada docente atiende un grupo de estudiantes en su área,ENFASIS-D5-10°
5,Bastidas Valencia Zeneida Judith,VIERNES,6,3,2,10:55,11:40,ENFASIS,,MAT,CS202,CS202,Betancourth Ocampo Yohana Patricia (CSI); Estacio Estupiñán Rosario (ETR); Mindineros Satizábal John Jáver (TEI),EQUIPO DE 4: cada docente atiende un grupo de estudiantes en su área,ENFASIS-CS202
6,Betancourth Ocampo Yohana Patricia,VIERNES,6,3,2,10:55,11:40,ENFASIS,,CSI,CS202,CS202,Estacio Estupiñán Rosario (ETR); Bastidas Valencia Zeneida Judith (MAT); Mindineros Satizábal John Jáver (TEI),EQUIPO DE 4: cada docente atiende un grupo de estudiantes en su área,ENFASIS-CS202
18,Estacio Estupiñán Rosario,VIERNES,6,3,2,10:55,11:40,ENFASIS,,ETR,CS202,CS202,Betancourth Ocampo Yohana Patricia (CSI); Bastidas Valencia Zeneida Judith (MAT); Mindineros Satizábal John Jáver (TEI),EQUIPO DE 4: cada docente atiende un grupo de estudiantes en su área,ENFASIS-CS202
29,Mindineros Satizábal John Jáver,VIERNES,6,3,2,10:55,11:40,ENFASIS,,TEI,CS202,CS202,Betancourth Ocampo Yohana Patricia (CSI); Estacio Estupiñán Rosario (ETR); Bastidas Valencia Zeneida Judith (MAT),EQUIPO DE 4: cada docente atiende un grupo de estudiantes en su área,ENFASIS-CS202
1,Aguirre Riascos Jorge Andrés,VIERNES,7,4,1,12:00,12:45,CLASE,0701,TEI,,,,,0701-TEI
8,Casanova Quiñones Yoli del Carmen,VIERNES,7,4,1,12:00,12:45,CLASE,0702,ETR,,,,Ética / Religión (alternan cada semana),0702-REL
52,Vásquez Valencia Segundo Leoncio,VIERNES,7,4,1,12:00,12:45,CLASE,0703,MAT,,,,,0703-MAT
41,Quintero Ramírez María del Carmen,VIERNES,7,4,1,12:00,12:45,CLASE,0704,CSI,,,,Sociales / Inglés (alternan cada semana),0704-CSI
38,Preciado Torres Oleisa,VIERNES,7,4,1,12:00,12:45,CLASE,0801,MAT,,,,,0801-MAT
12,Chillambo Quiñones María Rocío,VIERNES,7,4,1,12:00,12:45,CLASE,0802,CNA,,,,,0802-CNA
6,Betancourth Ocampo Yohana Patricia,VIERNES,7,4,1,12:00,12:45,CLASE,0901,CSI,,,,Sociales / Inglés (alternan cada semana),0901-CSI
29,Mindineros Satizábal John Jáver,VIERNES,7,4,1,12:00,12:45,CLASE,0902,TEI,,,,,0902-TEI
25,Lemos Guancha Miriam,VIERNES,7,4,1,12:00,12:45,CLASE,1001,CNA,,,,,1001-CNA
43,Ramírez Guerra Jimmy Eduardo,VIERNES,7,4,1,12:00,12:45,CLASE,1002,ERD,,,,,1002-ERD
31,Montaño Arizala Leidis Claudina,VIERNES,7,4,1,12:00,12:45,CLASE,1101,ETR,,,,Ética / Religión (alternan cada semana),1101-ETR
30,Montaño Anchico Favio Héctor,VIERNES,7,4,1,12:00,12:45,CLASE,1102,CAS,,,,,1102-CAS
4,Arizala Castro Roberto Carlos,VIERNES,7,4,1,12:00,12:45,CLASE,CS101,CNA,,,,,CS101-CNA
42,Quiñones Cabezas Marcos Vidal,VIERNES,7,4,1,12:00,12:45,CLASE,CS102,MAT,,,,,CS102-MAT
15,Cuero Bamba Berte Levi,VIERNES,7,4,1,12:00,12:45,CLASE,CS201,ERD,,,,,CS201-ERD
19,Fernández Vélez Alfredo Enrique,VIERNES,7,4,1,12:00,12:45,CLASE,CS202,TEI,,,,,CS202-TEI
7,Casanova Casanova Johana Andrea,VIERNES,7,4,1,12:00,12:45,ORIENTACION,ORIENT,ORIENTACIÓN ESCOLAR,,,,Jornada 07:30 a 14:30,
36,Ponce Moncayo Ángela Paola,VIERNES,7,4,1,12:00,12:45,ORIENTACION,ORIENT,ORIENTACIÓN ESCOLAR,,,,Jornada 08:30 a 13:30,
10,Castillo Cuero Daira Eneida,VIERNES,7,4,1,12:00,12:45,ENFASIS,,CAS,0601,0601,Puches Ana Milena (ART),PAREJA: comparten el énfasis y alternan por semana,ENFASIS-0601
39,Puches Ana Milena,VIERNES,7,4,1,12:00,12:45,ENFASIS,,ART,0601,0601,Castillo Cuero Daira Eneida (CAS),PAREJA: comparten el énfasis y alternan por semana,ENFASIS-0601
34,Ordóñez Tenorio Jaime Marcial,VIERNES,7,4,1,12:00,12:45,ENFASIS,,CNA,0602,0602,Armero Dájome Jesús (ERD),PAREJA: comparten el énfasis y alternan por semana,ENFASIS-0602
57,Armero Dájome Jesús,VIERNES,7,4,1,12:00,12:45,ENFASIS,,ERD,0602,0602,Ordóñez Tenorio Jaime Marcial (CNA),PAREJA: comparten el énfasis y alternan por semana,ENFASIS-0602
1,Aguirre Riascos Jorge Andrés,VIERNES,8,4,2,12:45,13:30,CLASE,0701,TEI,,,,,0701-TEI
8,Casanova Quiñones Yoli del Carmen,VIERNES,8,4,2,12:45,13:30,CLASE,0702,ETR,,,,Ética / Religión (alternan cada semana),0702-REL
52,Vásquez Valencia Segundo Leoncio,VIERNES,8,4,2,12:45,13:30,CLASE,0703,MAT,,,,,0703-MAT
41,Quintero Ramírez María del Carmen,VIERNES,8,4,2,12:45,13:30,CLASE,0704,CSI,,,,Sociales / Inglés (alternan cada semana),0704-CSI
38,Preciado Torres Oleisa,VIERNES,8,4,2,12:45,13:30,CLASE,0801,MAT,,,,,0801-MAT
12,Chillambo Quiñones María Rocío,VIERNES,8,4,2,12:45,13:30,CLASE,0802,CNA,,,,,0802-CNA
6,Betancourth Ocampo Yohana Patricia,VIERNES,8,4,2,12:45,13:30,CLASE,0901,CSI,,,,Sociales / Inglés (alternan cada semana),0901-CSI
29,Mindineros Satizábal John Jáver,VIERNES,8,4,2,12:45,13:30,CLASE,0902,TEI,,,,,0902-TEI
25,Lemos Guancha Miriam,VIERNES,8,4,2,12:45,13:30,CLASE,1001,CNA,,,,,1001-CNA
43,Ramírez Guerra Jimmy Eduardo,VIERNES,8,4,2,12:45,13:30,CLASE,1002,ERD,,,,,1002-ERD
31,Montaño Arizala Leidis Claudina,VIERNES,8,4,2,12:45,13:30,CLASE,1101,ETR,,,,Ética / Religión (alternan cada semana),1101-ETR
30,Montaño Anchico Favio Héctor,VIERNES,8,4,2,12:45,13:30,CLASE,1102,CAS,,,,,1102-CAS
4,Arizala Castro Roberto Carlos,VIERNES,8,4,2,12:45,13:30,CLASE,CS101,CNA,,,,,CS101-CNA
42,Quiñones Cabezas Marcos Vidal,VIERNES,8,4,2,12:45,13:30,CLASE,CS102,MAT,,,,,CS102-MAT
15,Cuero Bamba Berte Levi,VIERNES,8,4,2,12:45,13:30,CLASE,CS201,ERD,,,,,CS201-ERD
19,Fernández Vélez Alfredo Enrique,VIERNES,8,4,2,12:45,13:30,CLASE,CS202,TEI,,,,,CS202-TEI
7,Casanova Casanova Johana Andrea,VIERNES,8,4,2,12:45,13:30,ORIENTACION,ORIENT,ORIENTACIÓN ESCOLAR,,,,Jornada 07:30 a 14:30,
36,Ponce Moncayo Ángela Paola,VIERNES,8,4,2,12:45,13:30,ORIENTACION,ORIENT,ORIENTACIÓN ESCOLAR,,,,Jornada 08:30 a 13:30,
10,Castillo Cuero Daira Eneida,VIERNES,8,4,2,12:45,13:30,ENFASIS,,CAS,0601,0601,Puches Ana Milena (ART),PAREJA: comparten el énfasis y alternan por semana,ENFASIS-0601
39,Puches Ana Milena,VIERNES,8,4,2,12:45,13:30,ENFASIS,,ART,0601,0601,Castillo Cuero Daira Eneida (CAS),PAREJA: comparten el énfasis y alternan por semana,ENFASIS-0601
34,Ordóñez Tenorio Jaime Marcial,VIERNES,8,4,2,12:45,13:30,ENFASIS,,CNA,0602,0602,Armero Dájome Jesús (ERD),PAREJA: comparten el énfasis y alternan por semana,ENFASIS-0602
57,Armero Dájome Jesús,VIERNES,8,4,2,12:45,13:30,ENFASIS,,ERD,0602,0602,Ordóñez Tenorio Jaime Marcial (CNA),PAREJA: comparten el énfasis y alternan por semana,ENFASIS-0602
